a	b	dot
3fb2f543,c0a5f734,bf67d27b,4036da44,3f5b38de,bfa18b08,3fc54ed5,3fe15969,bda9f3c0,404cb16b,bf2440d4,3e2a864f,3ff54282,c001a18f,3ee29417,401eac4d,3fd90676,c0081e64,3f912e52,3f110ca8,bf973945,3f76f862,be90f165,3fde14b7,4025f222,bda52dc9,bfdd5165,3e7f35a3,bfe8c4a5,3ea86770,c010a4ff,bf8bad0d,3f8290c4,bfa36d82,be837448,bf6c61d6,3f99e3d9,bfc91499,bffbb97a,3f5c153d,3f84399e,bfb4a932,3d86ec98,3fc674dc,3f6832c2,bfbd5507,3d8209b8,404691cb,3f1598ac,400e63c9,bfdefac9,c05440b6,bf95d130,c0954550,3fec79f5,4042c675,be8aa463,bf372df4,bfb77496,be30faa0,40211bad,4000c39e,bd0d6239,40817585	4005d1b0,3fe7bbc2,3f80e5d4,be3c7461,3f3fb427,4002843a,c09b9032,c03159b3,3f90a46c,c07290ee,bdf04c01,4025349a,c036d448,408aacff,c03292ec,bf11407f,bfcc3e37,c01f665e,c07be31d,be8ca57b,3f570242,3f499f06,3eb72aa6,3ff2ace0,3f029db0,bfa46de0,3dae47f7,400c40ef,404ac6fd,bf515a14,c01289d4,3f620e70,3f93ea2e,3ebfbe55,bffe4ed4,bfc695e5,3da24ea0,c02ba801,3ec678ad,bedd03cb,3dc1684d,bfd55c87,bf761131,c0356da5,bfe6e7fa,3f8c5841,3ee930a9,c000731f,3e58e526,bf7e3594,bfdec79a,3f238712,3f489e60,bff0ab45,400663c7,be50a964,400548ef,bea73ea5,be4a625e,bfb327f9,bf2b05ea,4086ecbf,3fa2c1f0,bf9b136e	c22e2141
400077bf,bedb294f,be3eea7b,3fa154cc,4055931c,40800cb4,bfb92407,bf52b227,bf8a5351,bfa2651d,c0873472,bf5f7ea8,bf6fc665,bf86abdc,bea16cf5,be317ec5,bf87d9f8,3fe6fcb1,40680cab,bde55f0e,bf9df088,bfa24f05,3fade7ec,3f620db7,befe9035,c020af28,3ff2c90f,3ee760ef,3d988d3f,3fb10d21,3f146a79,bf688d70,bf19b773,bfae3f26,be39c046,3fc26f66,bfcc5797,bfa7d840,3eff5a84,4048fc75,c03e74f2,bdec57cc,bf079e46,bf39c612,404c913a,401130b3,bfc2d8cd,401d77d7,beb26c6d,bf139baf,bfd2f232,3fa16be9,402c89cf,3ffe8451,3ff1bb69,c039adc2,bd882703,c01012b4,3cf548a0,3fb0b134,bf6a726b,3fc9305f,3ff98111,bd353f5b	40163849,beec0872,bdd1cd32,c01bd50f,3eedfc7f,3e248fdf,c09e6c1e,4051a1de,c0615954,bf2c57a7,bfec5f55,3ee0af92,bee71b05,bb27767e,c03f0116,402a9bd9,402597a1,c06fb157,bff34430,3fc005ef,bf9fc61f,bece3448,bd7ce1f1,403678f0,bfcfba88,bf2bd4f2,c04e18ab,bea2d0b9,3fff7a94,bfbf431b,3f804b1f,3fa38820,3f96b3db,c093aa61,406a9a3c,bfb63ffe,bec810f2,3ed97fa3,bf90316a,c058000e,3d2e21f4,bde13254,3fc6659b,c0879244,c003fe9e,bed31da4,c033fbfe,bec9822d,4081783d,3fe779ed,3ea1c116,3ed45113,bf176fd7,c00c95f7,c067960e,3f3554d5,c0143208,3eb676e6,bc820904,bff1ed01,3f46d327,c0aec9fe,c0225b80,3fd735a9	c2288856
3f965e88,408b5f32,3fb8236e,bfc8e46b,3e6638fb,c01942e7,402b6220,3e3975ee,c0a5c8fa,40254b99,c00f88e3,be20200d,3f97b14e,be55e56c,401cb996,3e6a6008,bfd2faf2,4016f878,c02be021,bfcf8155,40585fae,3f2b271c,c0081ff0,3ec91c8a,bf9b6fbf,bfa00980,3f516d49,bef96d01,c02c4f5b,40736def,3f921870,bf36b9c4,3f8db9d6,bef9d8a9,40321e3d,bfee221e,3f9137d4,3fe2870b,bfe6b399,c07ebea0,bf5fa13a,3facca7b,3f92e25e,3f945028,bdcd2aa8,3fdb7bc9,3e7968f1,3ecca2c9,40068a47,3fa3f243,c0bdaaef,c04c942c,3e39a3a2,3fb51b10,bfdc2eb3,3f513462,4061544e,3e6a6d19,bf0d011f,c055fd58,3fc2802c,3fc4ef45,3e6d576f,c04e0971	3cff41f7,3e3ceb3d,3ffc3ccb,c032c735,3e94ed15,409f03d3,bfc36acb,c01f93c4,40415067,c0415a43,be61d5e8,4082f8bc,3ffcee29,bfcc43fd,40676dc5,401b5fd8,3fea965e,3fbd0db5,be6db848,c0460355,3f8715bb,c0072c2c,bfb4996d,bfa4ee8d,3fab2ead,c0a193ef,3da04568,c01d5f57,3fa6500c,3f8b69ba,bf809015,bf56693f,40543e3d,3e196e80,c02439e1,3e218ab3,401a57ad,bea0578c,3f8b8f12,c0153301,c053113e,c09d2e90,3fe58342,c0d757c8,3f95528e,bfff15db,3e151bdc,3fa9c109,4024477f,3ffdccbc,c03c4abd,c0524ec8,befe087b,bf20f27a,401d6795,bffac497,bf187d23,3eadafa6,4030424c,402a8ac5,c040c74a,bfa6bc31,40251168,bd653a1a	3f7e1683
3fab8270,bf13dedc,3fe803ee,c0813c7e,bef46846,3eb21012,bffac418,3f1105e4,3f2acefa,3facd8f0,c052acbd,bf1e20d5,bfef6a31,bf77f87f,beab38cd,3fd0c4b4,40610749,3f827ac9,c015f2e0,3ef3fa89,bf3e9739,3f8b5d7c,3fb1f93c,bf9d689f,c057c981,3e30a886,bfbc913b,3f9f069f,bf939114,3f84737e,bf918c19,bf4aea83,3f89c7eb,bf9132ef,4001282c,3ff34459,3fbb49b6,40237f1b,bf87c2e0,c0af9acf,3f8f2509,bdd4b32d,3e73009f,40649c6d,3f154488,c00b0fa7,3f0d9793,bf8fc651,bf6cee08,3fe85e3e,c04b56b6,3f1f6b90,3ffbafd7,bfca3c48,bfeed9ae,3dda35e7,c006902d,3ec9d8b1,c03084e5,4029d74c,bf8b8d31,be309c8d,3e1a218d,c0617934	c01b5aac,bf690946,406a513d,405e0bbb,c0447354,3fd301c1,40cd75db,bfab8229,40402b8f,3f1f4339,be56dfb6,bf3dd0a4,3f9308ad,befc7ea6,bf5586ec,3f983717,3e0f8fd3,3f11fab5,bfe96f3d,3fad0786,3fedb38e,c01727c6,3fde0df9,c04065d7,4019618f,3e4ef590,3ff9e460,3f24892a,bfa63bf1,3fd81c55,bfc776c5,402b9b72,bfa711b6,bfb8c62f,c0b38ef5,bffaf104,3e250d9f,3fabd914,bf25143c,3eed0d8b,be6910a9,becbc981,4041fd38,c01e4040,c04dacbd,c055025e,40168eee,4021895c,c0487868,bfadc772,3f083ff5,beb66cad,bfa1bfa2,bfe9d916,bfabedbb,403724da,3ebb9418,3fbb62aa,bf648097,c012fa55,4011f195,bf7ae11c,be9f4362,3e1b16e1	c219c9f1
bfa92d0a,3eda1659,3f31013e,bfd4d83a,c01fdae8,c06dde0d,be5f4032,3fb38565,3fbcdc05,3e5ff793,3f9b49f5,3ee846e4,3f8487d2,3fa488a3,bf63d823,bf15dbd5,bfef3d6c,c00d9ffe,bf0a5cc3,3ed09973,c0803887,409ffed9,bd10d3ee,402e87c4,bf43fd4a,4085c3a6,3fa7fb97,bf9e8044,407917ce,3fef9ce6,c04b4566,bf4c554e,3e213ef3,401f3218,401cfc6c,40010977,407772f3,40573773,3dae82d6,bfe6c43e,3f997368,bf49df4e,bfaa09a8,bf9628c3,40093dec,3f41c5b1,be71c981,bf102541,3fb482aa,c00ceb9b,3e174ed3,bf64442a,3fe7783e,3ee713d2,c03b1bfd,40130620,bf04e48f,3f941e37,bfb615bd,bfa67bd0,bf7e2e45,bee6e453,bf34c2ce,bfab7d50	3f5a8276,bebc13cf,c056a80c,bea0c35d,405f041d,3e94e6f6,bfd9ffec,c0161777,c03c50f6,3fb2d66e,c0254e0e,404d6b3b,400fb823,c021fd1f,c090b827,3fcedf0a,3f1c58a0,3f25658c,3d2b6b64,beab7471,407e42de,3fa8e94b,c0400e64,bd01b562,3ea8f32d,bfb99c5f,bd640bda,3fe8ddb3,3fc76414,bc8c872a,3f5f3673,bfe43847,c02f15f6,bfda7a09,bf8406aa,3ffde139,409ced80,bfdd935d,3fd1e6d7,40586dbd,bf487624,bf9e8714,bdb99137,3fb62bcf,bfc6c22c,bf93b6cf,3ebd4b37,3fd7a97e,bf2023c3,3fc8a94c,beb0ec8b,3fcd69c4,4056012e,c02119df,c039410c,3f3449be,bf759c58,3e2359f8,c05c8778,3f6077bd,3ffdf828,40359b92,bfe988af,be05dcc3	c1d2359b
c082eaaf,3f89dc40,bfe1dabe,3f5bc08d,3fdc6a24,3e9ce772,402f7b83,c00d4566,c0936cdb,3fa10f26,3f11ba25,bf3fe208,c07888b0,bfe2d3d8,3eedc715,3f8bc712,3dae1902,3ee98d86,beb8180a,bf1ebdf3,4005707d,4086ef7b,bf479a71,3ff3e345,40160de6,3fed4e3a,bfbe7886,c00f4e0b,3ecfd719,c0242be8,be34772d,be812c3a,3e0f11ee,c036d051,be2515e1,bfa19874,c010a227,c01353ce,3f8c97c5,c090baa5,3f83ebbf,be411438,3f490a4b,3f4e69d3,beb38f9a,3ff5550b,bfa44fa6,c01271eb,bfa759dc,bf708007,bfc68945,3e8453d2,c0215cfd,bff6c34a,bfc84686,3faaa4d0,4051cbba,bfb38d6f,3ff3d55b,c0450c0a,bfd2b3bc,bfddd27b,c0383a83,be3cae8e	bfc344c1,3fe50042,3f9549d1,bc7ba820,3f6d0804,3f192699,bee2140c,bf8dc068,3fe1d7e5,3f90cfd8,3e61c14b,40de5ec3,401c6fbc,c0afddb0,be21ef66,4001b2d3,be210356,bf2f2767,bfd3531b,bf78bf3c,bf51b4dd,40122a04,c03ad8a7,bf7d83cd,40221f97,be8ec903,408dac83,3fab3904,bffcae90,3f4f8c7e,bfb979dc,3f0fe9f6,4042be5a,bf8f8572,3c15cebc,c08b6d28,3edc180a,3fb462b2,3f8cec67,401f2728,c01478c4,bfea7d51,bfb1c7d5,3fa3e1ff,3ff183db,407a2f33,4038fd60,bff58c1f,3d78867c,c02fc0b2,3e97d099,c033677a,3f913644,3f9da330,400aeda9,403016be,c03934ed,bd47e348,bff02ed6,c0437307,3eb5d1c9,400a4028,bfcf16ea,bfbfa8c7	c08c85c9
3f77a75f,4013ff0d,c00eb702,3fbd9209,c090ee7f,40be8e18,3fbc61dd,40a2a872,bf7fa008,3fd26133,bfa62d26,3f4e3b9c,bfc6ef1d,beab5d2b,bf7a165c,bf075c14,bf07dbee,400378b5,bed50d73,3fdcbbdc,be8dc40f,4067c2fa,c018c2fa,401424aa,bf91cad6,c048cca5,bffbc139,bfce5464,c01b8485,bf30bf00,3f1a5a7f,bfaa9430,bed3e698,c07a0d88,bf11b74e,bf77fee7,c03bcd2a,bffb4682,3e941336,c05a3f7a,bed063a4,bf80d733,c03ed14f,c013438e,4036b9cd,bed8df18,beac0403,bf946ae5,c02f6a5c,3fb3a6db,c000c6c2,bf8a3dd7,bfdbbdf2,c03dea38,c058026f,bfa6c029,bfc370c6,bf985513,bf95c4ee,4035baec,c021f269,400d1623,3ea9eb44,3d2b8e75	3dd32b56,3f76e2bb,c0177566,c07131f5,3e8465fc,bf166427,be423e5a,3ffe3be3,bff84653,c02417bc,3e542285,c080d2f1,40b94954,4027a630,be027ea8,c005b6e9,c022a99e,3f98333e,40639203,c0165ce2,bfcc499a,401cd6a7,3c23e32a,3f29d4c7,4006445c,bfb68aba,c0114513,bed8ace2,c04272c9,bfaa2297,3cc73305,3ef8d1b7,4026b3fe,3d43a1fd,c00ae6f1,401ead9a,bf9fb672,bf5bec60,3f1d882a,3f579d2f,3f29de1b,bf9f83b5,bff67d5b,40588eb4,bfc0b858,3e824401,3f95e024,3f214c5c,3f5ecadc,3fa5df11,c0cec1e5,bf520075,4051ff50,40032e85,beb83a3b,4005e30e,3fc30405,3fc2ad9c,c019ba9d,bf6ef8a7,bf77ebf0,40212625,c049d038,4020c76f	41588af9
40551c5b,3f40a3e6,3fa3e211,3ee03917,bf76a2ef,401cab4f,bf13b667,bdf148cd,bfd8fec3,bfc3ca40,c037e81c,3e2671d4,bfdd3a0a,3fde6414,c048f4c0,3fb08393,3f87f0eb,c06537b5,40093274,c0443981,bfd687d1,3e141161,bf9a901c,4009a29f,c07e4f0e,bf9565cf,bf07514b,bee53e08,3fabd813,bf42674b,3e5a70fb,bf305849,bfe114eb,3eeed89e,3ebf8ce1,405055c9,bed5f23d,3fb0260f,3fbd6df9,bed8493b,bfa6a7fc,40913621,3dc3293b,bfc09998,bfa2f955,bff803bc,be7eec66,bf4c3810,be214510,bd571bb5,c0510134,406d7b08,bfcdda03,bf899bf1,3fc2fd53,3f3ad360,40439361,40532901,bfc6c031,bffcd078,40b3e4a7,403ab7f0,3f905d2e,40c57b57	3f62449d,409bf903,3eb0ce48,4013f009,bfcfdfdd,3e4561fc,4031bf6f,bfaeec55,bf9ddcea,bfc9e562,bfdf4522,bd4e8e89,c066814a,bc14cadb,bfeb0c78,40b4230c,4048032a,3f8f26a6,bff6c0b7,3ffba492,4069754b,bf8d9729,3f467dbc,bfc02fb5,3fabe504,bfe58499,be901b21,c04de811,3fdbdf20,bf9f08d8,3fd57cfa,3efe8fef,c02feab9,3f78d9f6,4013e829,bf8805af,3f21928f,4006075d,c00e945c,401a2f59,403b8150,bdb2758e,40062e77,c062921f,bf982f0a,c03eac11,3de59f90,3f6e2ae9,3f0660d5,bf48299d,3f064153,c09fb450,3edaa40a,bf6311c5,bf987315,bfdd3ae9,401c0197,3fee0749,bfb2c8bf,bf1edb3d,3e29527f,bf74ede2,3fef75c2,405858e1	42284246
c00e29e1,405020bb,3f723fd3,c032dd4e,3ff72d66,402358b5,3d8fafd0,c0678b89,c020f8d6,3f9a88ca,3f3559a7,40784630,3fe0bcf9,4059eb93,bf43d5d8,c086814c,bf54b6d1,3f99eaf4,c0030d14,bfeefca3,c03ed754,be65037d,bf9a8a6b,40248bc4,c0334afd,bd246ec4,4019a45f,bf31371c,3d188295,3f97183f,bf772e59,bfb85f5a,401784f6,3f638e32,4002bdb8,bfffc3da,400a3c29,400fd583,be0da29f,3e8b0cad,be704b2a,c0073378,406dc78f,c0578baa,bfb83137,401a7b71,c046ac55,402a183b,40cfb6d1,bddb8bfa,c089a696,bfd847d1,3f3339d7,c0373679,3f94d129,3f183801,c021a63b,405b01b9,c0464264,be8dc27c,4006c07f,3ef4017e,c09ed5bf,be73acd6	bea3c008,c03ab2f2,3f88d354,bfbb0330,3f5f80a9,bfe74dd5,bf286f41,4090e80d,c0f94585,bfefe8dc,be9c52bf,3ed12b11,3fb505ae,bf79792f,bdb2f280,bf1a7cb5,40662ada,401717c3,3f4dd767,3ead2074,401b3054,3ef483d3,bf04c643,bf7e8f9a,c06563f2,40020bfc,bf416de5,bb5a9bf9,bd914b4b,bd139bb5,c00e6d22,c058d5ff,bda409eb,3e982c38,3f1d3409,bfd1c985,bfbec199,bf070e41,c00acfca,3fee9feb,bf84bba6,3cc024ec,beee166d,3f1bec27,40241229,bd8472b2,be7f8b26,40042fe8,3f5a15f0,bf482eb0,c066db30,c00c2101,c00f170d,40101ca4,c03d313c,bf6812cf,3faa5f76,4026335a,bdf59e4d,be4259bd,bfcd7f01,3eb7fc99,40050147,3fdec37d	40b1dd2d
bd3885ac,bfaf658a,bf8ddcd4,3f5c2abf,bf4c8800,3fbcd839,bf967478,3d598bbf,bf62bb80,3ec1b962,bfcad1f2,be2eb7dc,bfe77069,400d582f,bf5fc922,be76c9c9,3ea23b78,3fe37545,be8a0e5c,3f62f810,c039bfc4,c02f4964,c0607ad9,c024646b,3ede62ea,3fe412d8,40553423,bf89d2d0,bf049dda,3fa43daf,3fa0d05c,40898f4d,3d145944,3e67d27e,3e0cb6f3,3f8269b1,400eeec3,c0497a50,bfcc9ca8,3d89ed40,4065c2dd,3fefc124,c0408c32,bc8b5c1e,3b61baaa,bd5b5bf5,bf41ce57,3f656490,3fd9cceb,be570697,bf83c0de,3ee4b18d,3fb6b5f3,4069e509,3faa7401,3f818445,404863dc,c0506de0,4047c78b,3f72738b,bebc4b4f,3fde70ff,bf1c5cbc,bf592db7	3ede0fbb,3f9c2a42,408e0883,3f2ef162,bf550d90,bfe79041,3e612bf9,400e849b,3fd3576f,40334a4e,bfebc529,3f8358da,be73aa09,bfd205f3,bf1d1a93,3e39448b,4035a004,3ffda03e,3ef63a35,c03aad88,3f1d028b,bffb0a32,bf24ce45,c011aa14,40554fa0,bf9a7276,3fc3dcad,c017c21e,bf5a1b56,3e104f53,bdcc508c,4050c93a,3ffe89bc,407fe61c,bfd96d32,c0356a90,bf36f2ff,3ed0d5b4,bf1f1445,3e6b3dc3,4037aeb5,bfea56b4,3f182149,bfe6c982,be16166c,bf9a29db,bfc9fcf8,bf9bb96d,c035d51a,3fc37079,4011847d,bfabb385,3faf3ef7,3ecb7bff,3e3f2199,3fb1b4f9,40688940,3f11eea6,bffa1f66,bf9f2961,bfa614ca,bf1e5dd2,be21fa6f,3d471737	41d239f0
bec96eca,3faab258,be0ad2a5,408e5481,c0057e12,c03d94c2,3ed5c463,40a5e84f,bee41ac2,3fae52b0,408942a9,3fd789a9,c0233add,bec7b93b,3e30d7f7,40005c77,c04aa98f,bec17114,3ead2664,409378c4,409ac0b6,3f922ce2,c001e60b,bf686216,bf9f2818,3ca4007c,bfc9be6b,3efb9dc1,c04d1092,c05c7b15,3f2f24b1,bfb173c0,c0076cc5,bfa9a037,beb4f71a,3eb8349e,bff05671,bf6d1dd1,be9a7770,3fb91f2d,3fa11da0,bf410e4a,c08c1d73,3e27b0f0,bfe4cf85,3ff838ba,3f102356,c0936037,be83c188,3ff74c93,c023a776,3db61828,3fc99e63,402949a1,beeffb35,c044f46d,40710b80,3ecdc245,3d3a7c4d,bf17c73e,3e819f3f,3f9b1f4e,bf2a41f3,bff580ff	bff6ee94,400212db,bfd304a6,3f0f44be,bfb32c06,3df32b3f,3f58a261,bfd3f4c1,bfc87288,bf013630,c04eff83,bfe7a9d5,3f2065b5,400c0bb1,3ff71d34,c0389adc,3fc8c020,3f3727be,3fdd0d08,3ef75867,bf9893be,3fd18613,bf8f061d,bf8c97f4,3fd5e485,40008716,c087967d,3f392962,c0253beb,bf13678c,bfa9f8ad,3f46ba32,c01cf667,3f7ca388,3ff977a1,bff0b4e7,beba5df7,3faa8333,c0118a03,3fee7c60,bfc75eee,bf41e2c6,bfea2252,c00b1f6b,3fe35552,bf37671c,c02393e0,3f9ac65b,bf9311b9,bfaf654a,c02e830c,bdf61c30,3fd98349,3ee7c1ef,3f9e1189,c06be61d,bf2bdb61,bf306585,c0815819,40322642,3e3b1a34,40b7c3e2,3ff0f5a2,c095f956	4174e090
bf9f85e4,bd598cec,3e93c11c,3edb89c1,3f1a4d05,404b9d84,bdd0272f,3fc366d5,bfc69190,c00b6576,3f511287,3f1381d0,bede4c8c,40409202,bf81b531,bf19ef0b,be094488,4039dcf6,c00954a9,c069b9f0,3f8a5fc3,3f4ec58a,40172590,bea6eb08,3e8557c8,be6bfee6,bfc1ac7b,3f5e9aa3,3f26255c,4038663e,bf0a8818,3e913ea0,c03a6955,400ffd40,3ff88caf,403852b7,3f83d23b,be9c9ce9,3fa2d9ce,3f075d88,bf28320b,bda3df88,bfeb369a,402ce977,bf692873,40797774,3fdbfd37,3f5fc2ca,bf67a8f4,bece76ee,3e0aecf3,bf648225,bffb169e,3fb0beb4,be7a9729,bf352144,3d06f7ce,bfc03a31,c0218d57,4007feb2,3e15987e,400b1e69,be1a1dfa,bedc61ef	4008864b,3f9f7f3e,3f385c73,3f373524,bf51284e,3f6659bd,3eacd027,3f9ccf96,be988fca,401bddce,bf677b05,beacc368,3fe15a76,bce68258,400deffb,3e5a875d,3f8719e9,404e104c,c01b454b,c02994bc,be1903b5,407c07c7,bf825f58,3e81f59b,3fc70ddb,bf0274b5,3e6b1b04,3e44f4e0,3cdc1f6f,c002c3be,bf51f33b,bf931040,becb743d,3fc5eabb,401f9e23,c0292e57,c043e0ec,3fe960e9,bf9210d0,4008ac07,4017f9ca,40908821,3ff8966d,c0225ec2,c024bce8,406906f8,c044e52e,bf71a487,bf1246bd,c0943af2,3f1fdfc6,be74de1b,3e8efeb7,403b7bec,bfaebbd3,3db79957,bf639aee,3e8e85bc,bfb411d4,bea02b05,bfc77503,3e135a69,3f624c96,3f032b01	4185f3d2
40429436,becd1284,40903d5e,3fe7cf83,c02e61a2,3f7525c8,bf5d2564,c00cbace,4059ebf9,c0488c1f,bff73456,bf69f086,4004014e,3fe16e0a,3f0a65c7,3faa0206,400a4bf9,4069fe96,bf68aed2,c0133849,bd8bf10c,3e6bab30,c0508f23,3f31e3ac,3e437c0a,bf14e3af,3dccc490,3f17e388,bfcb7ba3,bdd130b5,bf270ecd,c012aaa9,c0890d58,bf1b8976,c0016532,3f8bceb2,4009cd3c,3faf666a,bfaefdc0,bcc7a7c2,c08b1c41,3ec43063,3ef9cc36,c03985c9,3e59a190,3f975371,40150a73,3e8be455,401c3f69,3ff225f5,bf13d6ad,3f07d100,3e85fb36,3fc5b239,bfff4aed,3f4b4995,bdee22a2,3faf1b00,3dec46e5,c0060234,403a84fd,bf75b02d,c07cc0df,4087967e	bf0de381,c044671a,bdc76a51,be90adcd,bfce711d,3fb5c139,400d59cd,bf534ccf,3deec4db,bf85f216,c041ce49,3d82461e,400ae687,3fe0dbbf,4028e772,c007bf90,bf32bb52,3eb42045,3f8fda41,3cc3c571,bf869f4d,c0a0bd3e,3f79c5fb,4011cca1,c0096fae,3fc29d80,bf2ef403,401f103a,bf02517e,3f336022,c0a445ab,3dc3e078,3b9e81e1,3fe8f5c8,c03c9ad5,bf9ed540,c09abb00,bf7f5be7,c0be28e6,3f6f30fa,3e8e2515,3ea72593,3fd9a547,3f13cb50,3f1fa933,c060e292,c0c1c21b,c039c4f8,3ff1ade0,403f1672,c01a97e8,bf724b7d,3f059aa7,beff1f42,bfb438a5,c0907783,bf2b27db,bf553a43,40156ee7,bf096fc2,befb4c69,bf430ff3,c018613e,3fe8385a	41ca97cc
bf15d553,3fc641b0,3f880ce0,c03fe15f,bcea05ee,c022a9e9,c04bf7f6,bfcda1fa,3fbd1c0e,bd8e51df,c02c2e09,bfbe8ff5,3f6ad1fe,c062d3e9,c0002007,c0957bab,3e4ac202,3ffdab82,c00c763a,bda3463b,3f13cb34,c0020d1c,bf73212c,c02551ec,bfeff5bd,3f2e7cfb,401df389,3eae0083,3f17f3cd,bfc77ca7,c0697af0,403c8802,bf87a774,3ee0ba7b,bfb97672,bf60f58b,40175e1b,bf9c3887,3e0039dd,3f3f7b4b,3fa3a67f,c073316f,bf09b2d9,bf404450,3f872e9c,3fce6ddd,3f45ef78,bf6e10b6,3ea7a2dd,c02b7424,3f7559fb,bf9e9dfa,c00c0162,3f830406,c0384268,bfac0348,3fe8034c,be5f2c68,402d9a36,4045d4a9,be654539,4013e809,bf24af82,3e860774	be4718a7,bf36d615,bf81a9ad,bf8604e7,401b2f5e,404bfb8e,bf8ec914,3fddef3f,3f1a7c06,40132b23,bfbbddcd,bfd4357e,3fb6b093,bf1d7c8e,c0641dd3,bf31817e,400a0701,bfcead86,bfcb79cb,be74c4cf,405ad677,40376b2c,be8b0db0,3f792110,406e5fac,bd9d7d7a,bfcf58ed,3f5c0655,3f7344e1,3efbbb6f,bff79dc9,3fb51ddc,402d1311,40894ee5,3e6095b8,3e9ef7ff,403a5da1,bd8c9c6f,bfabab5f,3f8bf3b9,bdc8fe2c,3f81d59f,bf33d737,4089f57f,3ecbeb68,be92ba69,4015554a,3e2e3ccd,3e437340,c08cfd3c,bfd65dd7,c024e9e7,3ecb412c,3e893d1a,3ed60b73,bfb72aab,3f3bdaf7,403761d1,c00841dc,bfbd87e7,3e27f3ca,3f63bf4d,bfc30578,bef91157	4189b0cd
3ff33087,bee5fc2e,bf974890,c0b5f081,3f9ca79f,bf9a0d48,bf485ac6,bf4af316,3cd0fb1b,bf6bb52e,3fb21360,401e4965,bf6cbc00,bfa94d9f,c021a4c2,3fc149a9,40289db8,402b4d66,3f8975f5,4080f433,3fef9f75,407d045b,3ff4586c,3f007886,3ee2bcb6,3e925a35,3f26a405,bf90150e,3e54b1ea,bfb40fb6,3f65542a,3e18d97c,bf659361,bf9419e4,c0656f86,bf647e67,40226927,c01d6b57,c00d3aa8,bfed107b,bf26fa2b,bfc0eaf8,bf94b2c5,beafbc9a,c0c22d0a,3e94a314,3b8709d2,3f6a2d74,3fb9155a,3ef0de73,bfc05dde,3fa56d8c,bfc98676,4097a531,40121cf4,bee31a6e,bf94abda,bfefb4d0,bfd1f095,40b65cb6,3fdb880b,c02acaf6,3f85ec57,bff49d3b	bf2fb2d4,bfb6de3e,bfd52464,bfa5d5d3,c0004fc0,c00d2b08,3ff80ad8,c05bea8c,bfc21473,3eb4145e,4067407a,bfe41071,4080a907,c0591222,408252e6,3fbca8eb,4093fa1e,bcb048db,3faff340,3ff0a79f,c052b36c,bea2cce4,c09dc3be,3dc71e86,3fd547a8,be5a117d,c01df258,409601ab,400f7514,c0347bf5,be819666,40196c09,3f77b671,3f3076ed,c00710f7,3ea56dfa,3fe1b907,bf97d86a,401e4031,bf09ac6f,bf90d977,4048970f,4057bee5,3fe7bdb4,3fe7a254,3f6cfc45,be8ba877,3f856f51,3e40deab,bfec9d63,4042264f,c03b85b2,4044fcd1,40247d17,c06004ae,c0780f87,c0860834,3fc56d4d,bee08637,4015f5e0,3f7ad4ec,3f5fe3a0,3fbd2989,c09fd6e0	416aa9bc
bf0559c4,bf475884,bfdfaffd,bed7db1c,3fd368d9,be957435,c026bb14,bfa605c1,3ffc2d2c,3fab6ba4,3fc53a4e,bf790067,3d96b6c1,c01a64ad,3fd4dc9a,c083d833,c0271721,c01759cd,40b775c4,3f674fcb,bfa2bdcc,bf9b0db9,bf2ea7d0,3fabb06d,3f1be825,3fa12a07,3f91af37,bfc4fadf,402d21b5,bfb6a440,40290572,3f3a2dc1,4084ae0c,bd979b43,3ef04648,401ecb57,40830b72,3ea7a9e8,3fd68e5f,bf99159a,bfe56485,c03a86d6,bebee8f2,40261531,4071bd58,3fc2841c,c01527cc,c02eba16,407ded1a,3fa80643,c00b6087,c093dc28,4012e026,3fe178c0,3f2c7b8a,bfefe80f,be7948aa,3fe2428e,c03ff37f,3f6b47ff,c0461442,bf88be43,400ac6bf,40463d60	bf5fee16,bfa28fd8,bf16eed6,3f4af1af,3ef08c92,3fbf5f66,c025e145,c004cf5b,be7d30b0,c0268104,c01caefe,c0004cbe,3f301f17,40560bd3,3f3fc8bf,c01ff33d,3fa29292,bfda72c4,bf8802df,c0160933,4018b9e5,3e5672a6,3dfeb525,bf9c3509,3f87d379,c07222e0,bf9eaa2b,3ebc29d7,3e2cf16d,3f9f0203,c037b8af,40027a30,bf8faca9,bf7b4505,3fad856e,404d3106,c075ef0d,be4d4dee,c01b2cd8,4005656a,c001bbe3,bf974176,bf00e79e,bfb7c336,3f9642fb,3f0e9d5f,bfef0691,bf9640b8,402cd858,c021de54,3ec4c37d,3f95eb2b,402aea9e,c03c1771,3fd13137,3f6c90ee,3fc88dc5,3e966602,bf338b23,3f6f40d4,3fcc3782,c08fc6b1,3f9bc281,3fe4adf9	c0b71e62
4016a75a,3cd3e5de,bfb74638,3ffa8c2d,403e796c,c01b993b,3fcb47a9,3ca9c3b0,3fb4a56d,be954403,bef02659,bf72ad37,3ed79ca6,c05f7b6a,bf402b0b,bec74495,bffb50ca,be8ebd5d,bfd83ad8,bf57803b,bc5b2381,4044aadc,3fcffc71,bfcb9cd7,3ef5623a,3fb3993c,40051186,c0434c2c,3ecc2e67,3feb6f80,bf68465c,4016191e,3f33de1b,c01413d1,bfedc4db,c007854c,bf4ad9f1,bf98e083,c031815c,bf1d2863,c0335690,c0869d78,be59299e,bf45eb36,bf470c1e,3fbc68ea,c0720061,bec916f1,3edd4f5e,40758a14,bf9e1a4f,be6f12dd,bfdf17f1,c06765b0,bf5dacdb,c07a40fc,3eca6ebb,3de2f69b,bead288a,400fe71b,3fcfdb81,3f925e05,40627501,40643fcd	bfa8d373,3f5aecd5,bd37193d,bf88360a,c0459df1,bfb2bf40,3fec8c61,3eb917c0,3f6b7176,40305e40,c022f2f6,3fff7283,bf39cc0b,bf52d56e,3e7a0955,bf288e1a,4033b379,c0172028,3cadbcd9,3f900491,c0068985,c06a7351,3de2a6ea,c057e16f,3ffe61aa,3fe17939,bf51fea3,3fd002b7,bfe66ffc,bf5ddb33,bffed131,405e6f6b,40349f11,bfdd9ff1,bed440ed,c028c432,3f05df14,be8b7b29,3e05867d,3f7a95ee,c038eead,3d970d89,3fa3bfed,c0261e75,3edbb2db,3fdc3513,c01d7bab,3f93782a,bfb30936,40092f58,bfdf800f,bf8c0ce0,bf3b3146,c0465658,bfb4eac5,bfdf283f,3f819264,bf9acba9,3f6651bb,3f14d9ff,c028a003,beb69303,3ff295a7,bee5fc62	424de463
bff5ee34,bfd93820,bf8465e3,be03555c,409e1f41,c05c8658,bf25ec6c,3f0c73f2,bfd37173,40077e6d,bf6a5a26,be8c3ade,bfaad1fd,c004d8d5,3f6aacf9,bf8a8cd0,40362d5c,c098eab4,402384d8,bfee4d5d,3e8a852f,3dbae1a2,3f61c870,bfcb215d,c07a7149,c00bf47a,3f55213c,bf09d88d,3fd1409a,c0358b27,400bc023,bff3c418,bf39e933,bfc4dbf9,bfab53d2,bf204fb8,beb97fa7,bf827424,bf67764b,40208da4,4074ce31,40145055,3e3957cc,3e4c1842,3fcf70a3,4005edb9,bccdbbb5,c01cc9f6,3e8eb60d,400abe11,3f488df8,3e8536e1,3f724090,3f1704c8,3e2186c1,404ef7c2,c0246560,401823c1,3f18ced7,3f8a3253,bec72cef,bf1633b5,bfeab957,3fca3324	c06e7cbe,c06272d5,40190434,bdc64189,bed8e6aa,3eb77ee4,bf5065f2,bfb50d43,c020465a,bde203c2,bfc03be6,bf077b0c,bf2c1bbe,4051f9be,be9d1996,bfde9d43,c067f91d,befef898,3f3c8856,3d4baa7a,402a9293,bf8c23f3,bdd91286,3f5e0f0a,3fb59e84,bf88e2a3,bf449a0a,3f83bda4,bfb469ef,400c5df3,bee65045,bf345bfc,beee11e5,bed7f09f,4062e027,40045e4b,3f403cb2,bfde3171,befc8fa8,3ff501c4,bfbf6e9f,3e5f6cde,c05485a3,4000c8ac,3fb7e781,3fb26a23,3fe0d1ab,bf8ffbfd,3ff884e7,3f1dbde7,bfef1ffb,bf883346,3f14d0b7,4002ec15,c065e98b,3f8f53b8,3fd202b3,3dcbfdb6,3f8d4bd4,3f6cb02b,bfe7353b,3fa137e6,4086afd1,3fd856dd	c118ea50
bf0dc9ba,401eee8f,3e86b728,bfa0bf92,c0431de8,3fe3a496,3ef26ea1,4003514c,c09f598c,c011ae51,bf9a8cbb,3e6e7dcc,bfa92999,406ae8bb,bf79c0ef,c0928c51,bfae0808,3fe6cd1e,3f4aeaef,3e4de364,3ec226ea,3fffe918,3f3679dc,bec68c06,3d547c8f,bfffd31d,400da048,bf7d5b83,c09da114,c050e65e,bed40606,3faff08d,3f18bc0a,401207ac,bf5466e4,c01f54bd,bfb2b88f,bf14cb86,bf0b2d4e,3fb23cdc,3fae39b2,3ff203e7,3fd3e938,3fc59702,3f942dbc,3f02b84f,bf5f7431,bf604ec9,3fba383e,4014172a,3f62709d,3fe2a7c7,40b1ca1c,40067614,c05d721c,401220d5,3f5a9758,4024a266,3f152038,3f5c355d,40016346,4040bd7c,bd599917,c00044d0	bf99b97c,400edaa1,3fcb9a4b,c01f755c,bf1c8da7,40166a91,3f51e321,3fb7666b,be814c3c,3f0257c1,4009c0c0,bf92bcf8,400856f4,c050bfc5,3f7394c4,3f94cf08,c0074f22,402e45d1,3f6908ec,bf63b145,3e61ae23,3fdd32a4,bf32f663,3f99ecd1,404a5ead,bff93074,4046ee65,bf81a14e,3e27db87,3f42ca3e,3fe697e0,4094e5e2,3f6cacc9,3ff3924a,404046f1,3f4f37db,3d8e6e34,bfc9af31,bf9b8ab8,c01c7d57,bf8241a9,bfa46c7d,40919c73,bddff4ac,bf99a425,3e92feab,bf1928a4,4072a8a4,3f1d7f63,bfaded07,c02c6a0e,bed4307a,bcfb8dcd,3fc753db,3f42e72f,c08dd91e,bf13365d,3f1baa4e,c0bdec3f,3d6ee286,bfb871e7,bfe0594f,c00930d6,c08b8904	3fe55748
3faba994,3f8e07c3,bf4a6a92,befcd33a,3f9e57c3,409eaf94,3fa17325,bfacc34c,c01c94c9,be299362,4053188e,bf117855,bf9e714f,407aabcc,c034c145,c0bd6c98,bdf6d47b,3fdfdc03,3ef1ebfc,3fb80da3,3fac87b5,3e0416e8,3e26c112,40140af9,3fda3c15,be23442f,c0567177,3ed09b87,bfceafbf,be32dc11,3f6bbd19,400caefe,be8de90e,bfe4f5bd,bf8dec07,39c8970d,3d4d1a87,3fbd465f,bf936bdc,bfe2522b,3dde0a5f,bff6f49a,3e95664d,c04432e4,3fa2f4da,400cb3d0,3fb02086,c06734e4,bf31a2f8,402d7c2a,4079c8a4,3f88a454,3f62fb85,3ea3f878,c025ab5e,3c456f3e,405e473e,bf8b11c4,bfb7ffad,3f800631,3eadd11e,407f405c,bfbfd104,bf8b669e	3ef55b4a,bf1bc31b,bf955f17,3fc0f17d,3f1499b4,3eb853e1,bd531610,be132202,3eb5c1ba,40934903,bb5a080d,403897c1,c0cd48e1,bffd1822,3f23ff36,3e014aa9,3fd1c6d1,402f8a3c,bf437afc,bf85a580,c0088303,c0831a3c,bf78c1fb,3fb6d60b,3f34834d,4042420e,be62aec5,bfc80ae0,3f79dd07,c00f50ad,3fef6c45,3f96a043,bfa24692,3f4d72d9,c062d226,40112379,3fac76fe,be4a0171,3f2ad0ca,3f8113c8,403e75c2,40865597,c011b500,3fe6ecd4,404d1527,40ad48c9,3eb8a932,3e72da22,c083f653,3fb8e6d1,bf59a170,bef0ce2f,bf347cdd,3fa9d5d3,408d9989,3f55a4cc,bf970573,4053bedf,bf5527dc,bfee73d7,3fdd4e38,3f133456,be932442,bfa6004f	c0e12209
c0068fca,40810b54,bdea361a,bf1967a3,3ec65c37,bfda1999,c00ad3d2,40047d49,bf9a49cb,bf9c9002,3f8b1234,bedc33af,c0bc65d2,3f22a053,be8e8e87,be964696,3eba14a8,c0167d88,bf7bc2bf,3f04d016,c00a80b6,bda18d99,bf041737,c02d395a,c0013ac6,3e03fb58,3d8a7898,3fbca246,bf793dd0,3efcb0cb,c00d4877,3f7c7c10,c040f910,3e490fa8,c003729d,bf847b03,3f4d8c1c,c00ab456,3f806678,3fe9720a,3fa14fd5,405fe8ad,bf8a8458,c04c021e,402a7435,bfe2e1a8,4043711b,40a2194d,bfadd595,3f923ebd,c061ba01,3f1ebb36,40049b99,3fd16de0,be88a4f4,c0627f6b,406937e3,3fbdcd0b,3efd2898,bea568bd,bf4b7c4f,c03ae591,c0111c4a,bf0802e4	400abc76,402d6292,3db84d0e,bfc55d31,bf0365cb,403173f4,3fccb5fb,c007537b,bf07fc9f,c01f6917,4003fe18,bf852bf7,bf5b9be0,bed0512e,3f820281,400fe121,bf03fa89,bf1eee34,bf19f645,3eac8c1b,40214d29,3e861697,bf120458,bea4d693,40735c6c,3e1e4ded,3ecb66fd,40b01e81,4024df09,3faba0ee,bfe024ec,bf1d5b79,4015a54d,3f2bb949,408507f4,c020bfa5,bf660a10,bb85c384,3f9e239b,c0145306,bfdc6337,bf90abec,c0a1745f,bf3345a5,bfb2ab19,c0b351f4,4086be60,c0430922,be241eaf,bfecb004,bf1422da,3f225c2a,4037edd5,bed665ec,3fae0af7,3ee7db40,3f539c99,c02387c2,3f205978,40984d11,bf92e208,3f5053e5,40984098,3fab4667	c190f3cb
3f6e82c5,bfa9a883,bf5341dc,bff8d43d,3ffea9bf,3f4dba53,bffc61d5,c02d0509,3edd2fd8,4002e006,bfda2dbd,403f8e32,402c9298,3f130e89,3fca37e7,3fe74e9f,bf0f8b9b,bf802032,4076de46,402b4e36,3f9a7ff0,bfc3bcfe,be7aba6a,c00beecb,401b632e,3f82ea86,3ee713b3,3fd629da,bf17e3ed,beb5a409,bfc198d7,bf76ed7a,bf2f9e8a,3e5096c3,3febb8e2,bf0d6356,40940ba5,c00e2cc6,3f77ab59,3f9c9ce8,400d22ff,3f196042,bfd23874,bfc0c2fc,400f0684,3f12c9e4,3f88d7da,3f78d241,3f529b39,3e7a21f8,c011429a,3ea667aa,3f08b21c,c0622ea9,bfed1ab7,be5eeb76,3f2dad67,bfa62f0a,3f3e071e,c0228962,bf8419db,402c96bc,400dec42,3f966186	3f5b19c7,bd9d1228,bfce63ed,bfa454bd,bfbea151,bf493d29,be708cd8,c0352b8b,c081e311,3f622906,3db4f9ed,3fc0dc12,3f45f191,400a674b,c04d67d7,3e411a16,4019cc69,be910de5,bf21750b,402bb22e,3f6b2f82,bd14f3ad,bf2047a6,3fabddb8,bf8d9a5d,bf36d661,3fc9fdef,c03344bc,c052ac3e,3de4c168,3f048095,3edf2601,bfca4714,4004ac5e,3fb06d3e,3eb24fa0,3fee6c1c,c03a6ddb,3fbb9ca6,be6e9f10,c0420dd0,c0596e0f,401b4a9c,bec3b69a,c070b509,bf0c201a,c04f1211,c01ed546,bfffef74,be3e6b35,3f4cbf82,bfd7f038,bf8fdcaa,3f694f27,bee16155,c0551f74,40205901,bea5048d,3f295f58,c04ba0b2,3f1608dd,3f1793f1,bfc517f6,3fe62da0	40a1418a
40322887,c08656ef,bf7e1c02,bfd6aa5d,bf1869b2,c01c3642,40136ef5,c00fef43,3ccf8a9a,3ea4c898,c04ed55e,3ea001ac,bfafb66b,c07a3ba7,bef6e9c0,bf76a9ff,be9debac,be79fc5b,403b9462,401db870,3f521b3b,3f3fd372,befb2107,3f40a7ea,3faef087,c02df68f,409b0428,3fdae332,3fc876f6,3f4b93a5,3f909a59,bfaf01de,3dc4fc85,3fa5aae4,4015829f,c06e7557,3edb36b8,bf0ec5a2,3eec1143,c099ddff,bf924131,3f5f45e0,3fdc8174,3fed582a,3fbb9cc7,bf532240,bfeb3e61,3ed4902c,bf19152f,be950973,400cf4eb,bf96c65e,3f44273e,3ea92987,bfef1efa,4011e3a7,c021942f,400d7813,405328c8,bf7d9e38,3f185403,bf39b864,3e8e3513,3e80e38b	3fe1c9d8,3f06214e,c00a9829,bf4fc7b5,3f6a81b3,bfbff97e,3f60775d,bf0e0f62,bf28181a,c008a7f7,c08b589a,3fceb3e7,40278273,bfd8f9a1,40903a17,3f996a57,bf7e781d,bf8ad25f,3f5d97c4,c0002713,bf862fb8,bfb723cc,bf698b52,4028fed3,408cb184,3f1d9edb,be032305,3e4c61a7,bfd556a3,bfc874da,3f44d378,3e9b2996,3fab4bcf,be8ab666,4024fb12,bf4948d2,c0554c14,c00d28a6,bf7e81c9,bf9dc91d,3e8a5a8d,3fd680ae,be24e0d5,bfafb225,3f86fc52,3da8e9c2,3ed37d63,bf8c737c,3dfff8e3,402e0c2c,3f2dfe9a,be62d907,bf330990,bee1821a,bf896d6f,3e922def,c0b14948,c00c2d28,3f117e00,bf484011,bf5387b8,bf31ab09,3fda9db6,3f07d344	42559250
c000fcd5,be8836b6,c00b1dd0,40270378,3fcd0e09,3fd5c809,4055a6fd,3fef4edc,bf441750,bbdd072a,3f2079c2,3f9807a7,3ff94ee0,3f5ed881,c029bfca,c0aac32d,bee4d32b,3e034a2c,403263b5,3ee98606,bf54e28b,3fab0890,bf3eff38,bff0cc2e,406093ca,3f8d5c0c,40263b0a,3f11b2ab,bd8b821b,bff95183,3f9d393d,bf9bfba4,c008aa6a,3fed9939,4026d043,c041c06a,be59914b,403a5f6f,bf4bd9a4,bff8a450,c05df8c1,3fc3187e,bf8ad546,bf98d586,bf6fb142,c081ec20,3c79ff44,bfca3772,3f85d5b6,c0207af5,bfc87804,bfdac043,3f5c991f,4081ce3c,3f953875,3fb116cf,3f9cdf27,be352854,401b98c3,bddca6a5,400dcc85,bf80e96f,4090e74f,c021304e	3f4fad46,3f2f13e7,405422be,3fa8f9d4,be66e1a0,bf4eb7e6,3dbb7a9e,3e67c52c,400d94e7,c011ba9a,3ee2908e,bf92a264,bfa1ceed,c0365d24,beb43a8b,bf7e8601,3ec42006,3fdcec5e,3fe64f98,bf4e1cc0,bf3a3ff6,40334b92,bfaa1254,408126ba,c00b1ec9,bfa42619,bfb68537,bf58d032,bf795c63,3fdb9aaf,3f70618f,3e8e5591,3f29b49d,3f8e1507,c04c08a7,3f1e89ae,401bc9a5,c02822dc,3ec1024e,bf2805f8,3fc17f78,c006f3c6,3f5b4a0f,3f9f64e3,40758fe4,bf616e64,3fc42721,c03754df,3f4fb4cd,bf8e985a,c024d5d6,3fcdf09a,40346bb8,405a9657,3a2d03fb,3e619061,3dd001a2,3f893b22,bf9f9ed9,c001a656,3e3658fa,bf991a60,bf1deaff,c0819f3d	c1859692
c0babe3b,3eda9d5a,3f87218a,407c0480,c09b4c37,c02c0fcd,40309a0f,3fb28763,bf40b439,bfd5a8f8,3fefbf80,3f891138,bec5842b,be675498,3fa62edb,c00f76aa,3fa7c57b,3ff411f0,c009c098,3ffa5b0f,c01e9791,be85bc3c,c03df923,bfe2ef83,c0132f87,3ff084b5,be282051,bfc93219,c001e30a,3dad5f38,bfd82a4e,3fc3b6f5,bedd9b52,bfc11194,bfd7d74d,3fac06ad,3f42dae1,400b6823,3f25386e,be0ef49a,401b8813,bf10220b,bffa623a,3e849b39,3f778ad0,c034cd98,c0692bfa,40295efc,3e900f2d,bf053713,be74fbb3,bfbfcca2,bfb3c0fc,bec0ac29,40a559e1,bf78a671,4012d3e7,40655687,4044f2d2,3f100e54,409de468,c08c3ae9,bff20182,bf285bd6	3fd0bc0a,3e967331,407be369,40220e18,3fa12629,bfabf051,3f7fd213,3f172c04,3ebfbaa1,3f1e49ca,bf81c035,beddf033,be829b21,3fde0e6d,400f2cbc,bfcc4721,c021c873,3f0c50ba,c0467688,40194e05,4044f74d,40052985,3edef2e2,40ddaa0c,bff3b192,bd858f12,4006278d,bfd94df4,401d3fdb,be90401b,bf005ced,3f038b2f,c084177f,3f936840,3f8af93e,bf0dc2ff,c027ec9b,402d37c6,3e055b25,3f9c9cdf,bf736ae5,3f153032,3f9cb0eb,3faef8df,3f985245,bef076c8,4028bb47,bd9fc2b4,3f8a98e8,bf640e43,40236b51,c005784d,c006c33a,3f8fb0e8,406aa114,404dedb5,3fc8e1f4,3d989941,be8071c3,40102b15,bff239c1,bfd0ffa9,3e95f14a,3dfa9f9e	41355713
3e953a49,4045bfff,3f80f96f,c031af4d,3feccb83,3f276618,c05eb0c0,40415531,3f53db81,bf879977,bff01531,bfaf716a,bf651cbf,bfa600d6,be7a602f,bedab784,3f2f7a88,3fde4ea5,be882a71,c09d68d2,bf98c007,bf5ed4d5,3e379140,bf53dbf7,bfa93c2c,3ea161c2,bf7b6f76,3ee16d36,4011bf03,bf380a69,bf663373,4036b9f7,3f6a0a44,c0412146,3e489cdc,3fced2d2,3fa85799,bf9af8bf,c0305b1b,3f81d9d6,3efac5f7,3f4bf406,4079ca35,4024f44e,3faffb61,3febeff1,bf8d8525,3f0845a8,be8e0159,3e3d9c81,3e8cfade,c05495c1,4075dcb0,4023fe6f,be415be8,3ef92513,40361fac,c0af4c75,40426ebb,bed464f4,3ec0f2b1,3fd60941,bf9d9118,bfc52243	405c81e6,4005ed15,3f45e553,400bac75,c00373c0,3e9b7c4f,bfef77bd,c08bec9b,3fadb68c,bfb49927,bfa8471c,3fc32740,be9f995d,bf49465c,3f9d2ae5,c03c1b27,402466a4,40676ed4,3f0aa5b5,3fe83777,3dfc34ce,3f9c8cd6,c01f1dfd,bd27fde8,3e3e3e01,3fa601e4,c00d87a0,bfd7a33e,40214e69,bfb03234,bfb2eacc,3e0df914,401b139c,3d6b06b0,befe80d8,3f5d7347,bb9ac9b8,3f9379c2,3fc12bba,bf093ddf,40bf8339,c0a23cdd,403b7a48,3fa6b168,3e884f55,bf2bfbb8,3efe086a,3f8b4c67,bf83ab2e,400b9a47,3fd4eb25,bff61236,bf840fbf,3fbbdb13,3f740cfa,3e4defb5,bf6f694b,3eddfe6b,be663ff6,bfea3612,c0310125,bf4e71a7,bfe77bf9,c0a9ccfb	41c6b19a
3f705764,3f5651bb,bf83109e,3ff67938,3f73836a,bcc72a3a,3f91b0f7,bf085030,3d4684e5,bf3c8215,3e12a44a,bfa2fbfa,3fd7eff3,bff34f6c,3eb8ce96,3fe21966,4102e7f4,40315b05,40bd4255,c0389672,409065e9,3ece2901,bf237350,bf5264f8,406cd482,bfbd2bc8,40093be5,be4b9baf,bf7b3187,3e5c2eb5,3fd366f3,bf34ef32,3f221b1e,40096acb,bf3a609c,bfea44cb,bf87e919,4047c879,3edb324f,bf745fd3,3e84ad1c,bf85a0c6,4051e2c2,bfdd050e,3fda200a,bfe5ea66,bfbc5ebf,c025af1c,bfa3c14e,3f1760c8,3fda0192,bf878d05,bf25f3f6,bed74ef6,c050753f,bef0ff57,bf220b16,c0173fc1,bfcb033a,bee930c9,40309027,c051c355,4022ecd1,405ab3ba	3f9da112,40112291,40284360,bf70b86b,3f22c7ed,c0d193c3,3f4d3c7e,c08e2681,c092c24f,400f0c59,3f179a21,bf97e859,3fa38f69,3f58bd82,4028d67c,c0199909,bd8e0062,bf7f5f3d,4018049c,bfb7d552,bfc63d9e,bf68512d,3fbacede,beaac322,3f4ff49d,3ea2d5dd,bf10d209,40026f17,bf9bbe56,be414b16,401a33be,405c3355,bf714968,3fdd62d9,40872eef,bff4fdc2,bfef0d71,4032fefc,c000456e,bffda5c3,bf7096f6,3f504cbe,bf72fe54,c0a1af88,3eeb6e9e,c0039c4d,bff6663e,bf2c35d0,3f874953,403a5f66,3f63194f,40504656,bf80b29f,becf3342,c03ab107,be89e0aa,3f4d00e5,bed6eba2,bffb903f,40561cfa,3e870aa3,3f1f2561,3e994d43,3f65b2e4	42518f4e
3f62c2fd,c039977f,3fa61069,3f256bab,bf301608,be4e8289,c04af646,bf5dff55,bf8ce475,4092e396,be6baa97,40370f3d,bf8f1d59,3ea73862,3fc43334,be54d3a3,c0541bb4,40550bff,40423de0,3f693f74,3fa9a0e0,bf85dbed,be22b1eb,c01f836b,be908bb9,c063fec1,bf12a0db,400aa367,3f5bacd7,bf92a2f9,3f2ee507,bfb619e7,3fefe8cf,4027e029,4019a880,c00501d0,3f91a4d8,c006cd83,bfa11f2e,3d21b794,3eed6155,3f87ce11,40181825,bb8f94b0,bf6c0154,4011ba6e,bda0bcc7,3fe2bbb0,bee76617,3fd03685,3f053923,3fb7f4b0,bfd59789,4077ed7d,403efff6,3f5fb0b7,3fafaaa3,40b2328c,c075e4d7,3feaebf6,bea58169,c08e1421,bd876f5a,402a253c	c030ce2f,3fa9dc08,bb868be9,c0531783,3cf0a40e,4051072c,4007da01,bf533e16,be944ce6,bea6f484,c01435b6,3f65010b,404c8606,400cae61,3fdc9792,3ed5193d,3f81e9c7,4017490e,be4afb1f,407fa9fe,3f80cf97,3f2d32aa,c02f88d0,c0470c17,4027b4dd,bf9d9cf8,3f2c3ae5,3f86e009,be42544a,40020f50,bf44c1c7,3fcab57c,bfc5ad93,3f709140,bf5c7ddd,401250e0,be1ad05a,bf39b8c1,becfa5ac,4018ad85,3fa64ccd,3f90db7c,40394b1c,3fb53ead,4000d058,bda542c8,bf43af04,3f8d2001,3f65b20f,3f26ae58,c06f6c95,c0066447,3f7cf328,3f3687b3,3f784cd4,be9dfc83,bbe80e1d,bf1c2136,3fd8fc75,4002b8db,3eac5d5b,c02743d6,bc78c361,bff3ff38	40c555aa
bfd50a40,3fee9384,3f26a5fd,c02d7832,3fa82ad2,3f525564,40593a20,3f70eb9f,402d6a7e,bf504302,be582e10,402e33bf,3f1797fe,bfc00af2,3fa1962c,3f6543ac,bf3b9628,bd93d40a,bfaa35c2,bfae596e,bd316d8e,c01431d1,c072d980,bf989360,404eb62b,4094d78c,c0115a7d,3d13bbca,3e46fb01,bf74470b,400f376d,bfca9332,4049a59d,4074a1eb,3edc112b,bfc0690e,3f0efb31,bdada880,3e2666f6,3faaaa92,40169ad2,408068f0,401bb784,c0032d4c,3e8cedce,c0a7c9aa,3f4596d4,3f9fa5ce,401bff2d,3da25b8e,bf78da2b,bf6ad628,bf4b4f3e,3ee7c95e,bffc8afa,3fc9209b,c07d51f6,401f4136,3f1472cb,c0819ab6,c017c7ac,4008bfb2,bddacc7a,c009e065	3fe20731,3f737399,bfe0a019,4027d224,bfc2ebe3,3f948ce9,3f9e6bf1,c0a90b68,bfd24d9c,3ffaf4d3,409e5b5d,bc8c7b34,3fdc1c46,3d4639cd,3fa967c6,c0505dcc,c0330817,bf88469b,40207ee6,3f737f35,bf5501a1,3f116c5c,40465484,bf022524,bff66f43,c02929f6,c00a8668,be94428a,400ecd21,bfbf3efc,3f9f60aa,3f03fd47,bf45457a,bfa0bfbb,3f8e1715,40b645e0,3fa17b44,c05d87ef,3feddb43,bdc3f1d5,407ef74e,bf3240e1,bf15f1f6,bfa770c8,3e0094f4,3e1bbae1,bfa9b221,40316e22,c02fd63c,3f866138,c02c4392,40334ee2,4073fd24,40adf33c,c01f3f64,3fff82ac,c02578f9,3fb5463f,3fa3c7f7,3f816229,3ee5419f,bfed42c3,3f7263d4,bfbae15f	c21ab66b
400e78f0,3e14e87e,3ebaacd2,3fdb9f0c,4009e639,bfdf56d9,bf4ce0c6,be2097e3,4042cea0,4037acb7,bff43725,c01eb20e,c0738d91,4075a7e9,404bfc9c,401546dd,c0185fcb,4004c8f6,3d58a71c,bf106e73,c02ad509,bf975ba5,406342dd,3f8a3594,3f6dfcc5,3dfeab5a,3e30c5d4,bf5dfd2a,3f75839f,3d4772e9,bf093340,bf5916e7,bff574f3,402bad73,3f9bc182,be6cd6cd,3fceaab8,403fe53a,bfa2a623,bef708cf,3d78f339,3f86c9ed,bfafea01,3f9e14f0,be04c979,3fe005dc,3ee462d5,bec94a4c,c092d735,40060c59,c01888bb,c01ac247,400b19c1,3ff58dae,c0604921,bff5df76,c00137ef,bf54d982,3fb9f980,bfb97cec,4018497e,3f81132f,406434dc,3eaf5394	4085d26a,bf91d2cb,bf5e1d97,bf89bbab,bffd6fd7,40066c60,be8b5277,405b6dfa,bf4f75a8,bf0aed65,bf18b1f3,3ff1a345,3f09054b,4008a5cb,c06ce81f,bfed1c39,bfc4f51f,3effaad4,40a0fe77,bf78681e,3e2d6a90,be5e87cb,bb58be6a,bfa6d13e,4026bf11,c0764a4f,bda64240,406b0846,40317b85,be9f8389,3fadd271,4013650d,3f912707,bf43091e,c015fafd,3fcb4b84,bc962f81,bfb6363b,bf9ca85d,3ec7fe80,c023ed0a,40311ea7,bfc8c02b,c081db43,40115d8a,bf995076,3fc90c58,c09033bd,3fb4b408,c027f745,c06dc72f,3f53a644,409a8587,c03b3098,402694bb,3f9f9498,bf9b993d,3f762edf,3ff540d3,c08e1c6b,4053d0ed,3ea61c80,bffe96b1,c06c8242	c1dcdabb
3f0b48b7,400e05f5,400a7bc2,be937361,bf0f7044,bf02820a,bf58db59,c00fc6b0,403165e4,bfbff715,bfd2255c,bfc10877,3ea447e4,c005b1b6,c0105fa3,3ebcac38,bf65b944,404986a8,bfabdd4f,c0141866,c0665e70,3edfaca3,be3bf087,bfdc3199,bddf0d7f,c058e12e,c0164398,bede514b,bfc9443d,bfea1034,bfc0d1ee,3f1879c3,3ff68ad3,bea416eb,3ffc2565,be8e6f45,3d399506,bff4ee04,bf2a4817,3e8ba0e6,3f0a1ffd,bf0668d4,3fad181f,c05b51f5,c0131318,3e72dec3,bea57850,404188f2,402c1a71,3fd48367,3f488d0a,c005e1d5,bfd77adf,3ff7e1dc,3f2ebf9c,3f284d6a,c01172a7,bff5688e,bf131920,c0846366,4086c5be,be955c8b,4006a6d1,c008b3dd	be44ccc4,3e25ce80,bf4a13d3,3fd1fa1d,be4bd208,bf8358d0,3f363263,3eccbf5f,3fa3f4a1,bff8d9a9,bf05aee0,3f831b41,bfd9f988,c030a712,c080d864,bfa4cff6,bf276633,3fd2b8f5,3e14f9ee,c0901022,407d5508,3f676322,bed9503b,c037252f,3f7d2685,bfa77b77,3f090ebb,bfc738f2,beb4a320,4037077c,bf79af64,bf8e4680,3c0ac6ff,40aacd87,3fb52976,c01ee88c,bf50593f,3eb9f986,bf90b659,3ef255aa,3f610589,3f9e35c4,be3179ed,bed74af1,be34c2b5,c03506ba,c01a2144,bf31a0f3,c01cba8e,bf8133c3,bf2e11f7,403c0c01,3fb9ed5b,3ddcd4bc,bfd03159,403a6fbc,bfd7d868,3fbddbbc,4015642b,bf52a1ec,3ce94067,c05f8d2a,bf4bcb75,c04c3230	41915e4d
402745ae,bee85841,3e1188f9,4073662a,bd841086,3e60d7b9,c007a552,40131bdd,40310736,402e6325,4046114c,3fae5f71,c026d00c,bde09d1f,3fd8535b,3fc5d14e,40479332,40c457c0,bfe6ca68,bf32d190,bee869a6,3fcb4c56,3e2ed4f7,3fcfaee0,bfda3c47,bdc12722,bf5c3a16,bfad9285,4083553b,bf2f461a,406a34bc,40390947,3eb9e870,3f62544d,409baba8,402277c3,c01e6bf8,3f05389d,c0b97bc0,3fb47d15,bef3d412,be1f6cd9,c034a90b,4011809b,c011a5da,40251c67,bf7cea58,4042e068,4030259c,bf3798c0,be903aab,bfa5eb18,3f822b5a,4038ff71,40710dc7,bf6ee9d6,3f836baa,3fb5ed0f,3f66d2aa,bfb400fa,bf95205a,400c567b,bf70c9f3,bfa755e2	bf9709e6,bf441e77,c058b645,bf9cba78,40059d7c,c01c83a7,3dcb78d7,3b93c538,3eb10a3e,3fcffdee,bfc47545,402c369a,bf6c08b5,4002fe93,bd4167ef,400d891f,401e5e6b,c07ecc4c,bf981d85,bf901123,4016be2d,bf4d5f33,4064e942,bf4390aa,3ece5067,beb7c99a,bfa97b3e,3f46c59b,3f40bac2,3fd99c7a,bec5fda3,3fb60572,bf6b6fd5,c080c503,beb09f98,bd6c24cc,bd497ad6,400916cf,c0458e50,3f8d46c3,3fd48200,beaf45e3,3f80f605,3f8f7369,c03a2f7f,be8c6bfa,400a034c,be06f8b1,c01b5d43,c05aa160,400d07e6,c0710a68,3d3d0a36,bf832391,3f3770da,3f997a47,bfab631c,bff61a6b,c021fb76,400b7dbf,3e2cf9f2,bf520507,4030126c,3f2099fd	c1279b54
3ea12ef1,3ee5ff70,bf937d87,3f64fae6,3e463850,404fb93f,bdd65589,bfbee6e9,c00ddd65,3e728cd3,bf4621ae,3f9d8b70,3ec0f595,bf8028c4,3ee9023b,bfc99c1c,3f03b589,bf133301,c01dcf76,c0817b3d,3eec7281,beae2f67,40240cad,c0246e3b,3ff2575b,3fcdfd8d,3f95d474,bfb8db1b,3e93b724,3db37195,4015ba5d,408d7efd,4075060f,3e943483,bf27ca7d,3eadd0f5,c01a2328,bef0b43a,be316bb4,3f5ce4b3,3f84fe12,c03dd1b8,c078d1a7,c0062b3f,4004733c,bfdf0e62,3fdcd959,bf594df6,3e84701e,3ecd85eb,bf9100a4,3f6d37c0,3dc146b6,c023c777,4030ba41,bff127b0,3ed4f6af,c06eed8b,3dea19c1,bf46a54b,3fbbf624,c003bcd3,4065d094,bcd86814	bdd1adce,c02b8984,3f001d61,3ee47491,3fa36cea,3f642834,bfb51144,c0db9909,3c89ab13,bf97e6a0,401ba8c6,bfbd0f21,403ad7f2,bed858b7,3f6c2bb5,408fa4cc,3f44dd0a,3e47582b,bfddc76d,3eed219b,bfe99fda,bfba4e54,40c9e989,3fa49fec,bfd51f34,3ffad182,3f8f0849,4040c049,3feb3079,c0828eaf,3e821c12,bf5b9bae,bf7cd9c6,3f8cd89a,c007079e,403f5467,404b529c,bfa1c681,40696980,4059e7a8,3ec21c1c,beaa037b,402582b3,3f61c5e2,bf57da54,bee86837,c09cc423,bf649968,3f858fcf,c055de49,3f0faa3f,3cb9a2f4,401568ac,c0401ba6,400bd4f2,40210774,bfe506d4,3fcea629,c02a09a3,be8ad78e,bdfca3c0,3f59c1e1,c0359282,bf6079b8	c1c2bb70
bfa69364,c09c0e49,408f839d,3f2e32e3,4008c0d9,bfd513bb,40149189,bf646478,3e3bc9f3,bf30df83,3ed6f07f,3e8e925b,bf4f7861,c09b6a8d,bedec292,3de8d498,bf0cd7e2,be11c05d,bef70f04,bd7a9268,bffcc503,3fe403de,3e9278b9,bf29270b,bfa7fb46,bfed9b84,bed38da6,bfc64c06,3eae9268,4005e155,c0648d9f,bf5ab724,404019d1,bfbc10e1,bf84063c,3fcddf6a,3fee3408,3fa83bbc,bf280e7f,bd860700,3fd2b0f2,3fa94488,c05d1fa6,3f017a7d,3f6f38c5,3e64679f,bda71095,3b7988b4,be442450,bff2e4ff,be3e0f95,3dab7bc4,bf8e6c8c,40221285,3f419924,c042e448,c0af18bc,bfcb8e01,bb83089b,bf5faafe,400a3d51,409184bf,401e3b6a,bfad5b54	bed856d8,3f6c05cc,bfa6a6b7,3fd20543,401ba063,c06e17fe,4088a3d3,bf05997d,3e934ffa,3ffd6124,3f851c17,bf8a9052,40875df2,bfd96d06,3fe91958,4035e9a5,bf20d121,bfcc1ad3,bf80e781,3fd0e48a,bfd4d375,3ee915ed,3fd9a0b3,3fbc172c,be1f7568,3f69f3b7,3f8855c9,401c00a4,c05ede33,bf19d815,c032d875,c0ae482e,400cece2,beda2774,bfd19a92,c054a84b,3f6b86fb,403b694f,3eda2f75,beab8093,3e9ec518,be9b473f,40431df0,bf0cc634,400cfb2b,c0534a5f,beaf308b,3da60f0d,3f1b3b26,3f069b0d,3fd046ea,c0597437,408059fb,408029e7,c08462c8,c0228b4e,c001311a,3e956175,c08f0507,3ff7ac3e,3f48556d,c03a497b,bfe194b5,3e97dbe8	41e04e0e
bebb7f99,bd5229b2,3fc3efd6,4005c4c4,bffabd1c,3efc62f2,400ea09d,bed95ba4,40620793,3ed078bc,c0278b46,400c1e61,bf74b74d,40552e31,4083bc44,40a01fe3,bfb46d8e,3f9b470b,bff0b4c0,bfd99483,bfc1c54d,3fb46b5a,c02d504f,c084757e,bf9ff29e,bfe6c392,c0126db0,3fe63c13,3fdd8c2d,bed2c099,3fa57193,bf868dbd,3f9198f4,bfc83c92,c062d47c,be7904ba,4000683f,c056b164,c07419b2,3f08c96a,c02b5c43,3f9c3b8d,bff3ab3d,bf814cb3,bed5ea01,3fa85d59,c01206b8,bfc8a92f,3f3bb0fb,3ff9de8e,c0043537,3fd61d38,3f9a5b07,3cd81ac5,3f3f7380,3fa15085,bf7b898e,3e95b0a3,bf2adeb6,3fcca614,bdb84085,c00f73ee,bea460cb,4010a07d	3f13bf5f,4069c79f,40179353,bfc257ed,bf31435e,bf3dec44,3e91cf4e,bf55bbe7,bf358571,bfe0b08b,bf64a8d0,3f4cc225,406d9a26,bff8d5e8,404d0a50,3fcc7567,3fdf7336,4083579c,3f48e0be,c012ff57,3f567436,bf6742c3,bfe01cfd,3f4a5d45,c02edacf,3face501,40519559,3f593deb,bfb81650,bfd95b21,bfe9da3f,3fc5098c,3f47fe8c,3fa9552a,bf1a1fe0,bfb42e78,3fff300d,3fdc456d,bff19872,beab9759,bfd2130a,401a83aa,3f8f6e8b,bfd59067,c03eedeb,4032a0e4,bfa317fa,401bf096,40529953,bf14e759,c014a073,3fa10260,3f989036,3f81799c,3f17a27d,c052ee58,3faa26da,404ec247,4000b8e9,3f87ff6e,bf765375,40b2dfbd,3f1c03af,40a3ceae	41ebce2e
bfec7a43,3f30dcac,3fd871b3,bfbc00bf,3fc26bd8,bf716276,3fc03335,bfe21404,befb2c0c,be003e0f,bf7a54c8,c02dc6ce,bf4034ba,3f9ebf78,3dfce23f,3f30e442,3f9357b3,3fad1422,3f86ad8c,3f4ffb72,40488736,3ee7722c,400150fe,beccae2a,bf5831b9,bf988d99,c062f642,3f704da2,3f48eaa9,bf5ce6c9,3fca8601,3f3f9a90,3f2d9954,bf4e4eca,3f388377,40166d6a,3feb3f27,3f96d9fc,3fbf3c16,3f280d4c,c01bfd18,405e742e,bf4b1d1c,403f09dd,bc0d509e,3fd8fbcf,3eea9afb,4084053f,4020ad4f,bed1e9df,407bb50c,c0618526,3fde07db,bfd64207,403d1d8a,3feaa83a,c0139b83,c0725d70,be929bea,bfb4519f,c015ed9f,bf8a8f8f,c0097247,bfb74b5f	bfe27f59,3f8ccb53,3ff23207,401f6c6a,3f47c00b,bf4710b4,3f7425de,bfb47741,3f4eebbd,3f88d8fc,3ea0bd26,3fc5e54d,40836986,3fc596d8,3ff7620b,3fb2c468,c0601c15,4080229a,c01875b6,3fefc819,bf9e3ee5,3f991b97,3d530d91,3fe72039,bd8e8361,3efcdd18,3fe3789d,bf562ab1,3f8ec079,3fd74292,3f2849f5,3f41c743,40108064,4047f779,c043d7e3,c0ac7f16,bed8dc00,c0037ff7,3c79ebd2,bfced328,40934343,c0016108,402e30eb,bfab11d8,bee714fd,c01b0fcd,3efd099f,3fc68294,bf85ae36,3dd250c3,405dc0d6,3f22fc9c,bf918a41,c06dafd4,3e7b7432,bffea1fe,be39d4d4,bf0ad51c,3f919176,3f630a75,4098441f,c01c2bff,be7a093c,c00d7134	c2264d1c
3f2dcb05,c01f7010,408dae5a,bfc2da08,3fff3511,c07df322,3ea6758d,bcda7667,bef0c754,40304aa7,3f3014f7,c01cd13e,3f8c267f,40392bb9,c0112f8a,3ebc84dc,bf127cc6,bfb3d949,c082bf81,be066e2a,bea19f59,3d05b356,3fdc74c5,bf88beb3,c01f7288,bfab8d31,401ffd31,404486dc,3f3545ba,bd4268f8,bfdfec02,4003e7f2,3fcea99a,be2f2609,3fa7c919,3dcb22e9,c033df82,3f01408a,3f43fabf,3f82c09d,bf7cb129,bda0ad67,3ef4fdd0,3f98b191,3e98e935,4006843f,bf3720b8,3f2f85e2,be4861d4,403c9ede,bf1fd65e,3d6ea6e8,3fd25d23,be930228,bf25c128,bfe90ec9,3f7c9028,3fb0c3c7,4000b3f2,bf427627,bf1da28d,401adbe6,40bf62c6,be85d77d	beffb41d,3fffb531,3f5ec453,3ff4b531,bef23d61,3eb52ee8,c05c7f82,3fa2d238,bfb10269,bf405eeb,4008e207,3ff47b33,bfba9e33,bddd4b65,403fdad3,3f45a9f0,bd87b981,3dcd6ab5,bec5ea6d,c0808236,bfe7fbd1,bf1b8487,bf86dbd8,402c5bd1,3dededf6,bcadd105,3ef9184a,bf4a3b2a,4015c291,c01daf2f,3fd6bc10,beaeab9a,be45d5d0,c00d0fe3,3fec48a9,3f56f85a,3eae4ee4,402ad195,bfefe777,3fafdd7f,40059f7e,c0b3f851,3ee7ba2d,3f84d611,c00251d0,4017599d,3e874326,3f604d4d,3eb33aec,bde39e1c,4000818a,3f5a979f,bfd78860,401b6220,bfa8ca86,c0118507,be430e1c,c0433657,3fbd8803,3f89612e,bf4210d8,401f9837,4038322b,bf87d539	40348267
c03af000,3f249b01,bff0834d,bfc4c475,bf788613,40990dff,c04652bc,3f2dcac0,4080e966,bea854c0,bf61b9f3,bfe46948,3f38ac8d,c09a1a0a,3f885b31,beb941c8,bbd3a7e3,4076895e,3f88496a,409450da,c0740c66,3bcd8399,3ffcb3fd,3fa0a71c,bfc77672,3d6d3e2e,c016a09e,c01103e6,3eff26b4,40243669,404320cc,bf962e14,be780b51,3fe50358,3e8ee5cc,bf5f33c8,3dca74bf,bf891460,c08bf2ed,40469440,3ffeb94a,c01c5153,3e4667df,40096dec,be84e9be,bfd04643,c02934c1,c00e4ab5,3db4f8d2,4002532a,c09862d3,3fbd3dd7,3ee9bf18,3fa46b75,bff194c8,c048946d,bf6aef63,c0052253,3f966202,bfca3549,3ff097b4,4049200b,be2ae5eb,c01ab9a5	bf8b3274,3f05b884,bfdbaf5c,40231095,bffa4f76,bf69e842,3f08cd31,402ba133,c04ae283,3f8bc8ee,401ab9d1,bdcbd7cf,c0294f51,bd2e4ce7,3dd5d25f,403c0950,bfaba070,3fb7f923,bf9a5a35,3fd48262,bf7c3870,bef95246,bf4b0f89,401c259e,3f90cf5d,bf8f429d,bf9467ea,bebb10f4,bebb57b0,bf1fd1e6,40329acd,3f63f093,3fb7783e,3f2d3834,bf228bca,3fe57238,bff908c3,3e95ee91,bf5c59a6,4079fbd8,400bc803,3fb441b7,bf2f9f7d,bf50a1b6,bee81f3f,402f0d71,c00a2a1f,3fb843ef,bd80c456,bf885b02,3ac1e6fe,3fb14189,3f396395,3e230cda,bfd805ea,c0646357,3f8d1e27,3fd8a429,3fc08cfa,bfd05604,3f9953fe,4080bef2,c00e274f,bf7d921c	424d4cab
3ec08934,bf0e77c7,3f13b78d,c02f99a2,bf7e7e19,3efaa388,be2c5936,3f919a01,c034b93b,3e520bda,40716845,40239406,be01c52f,3fb0faac,bc5fd485,4036f50b,3faccafd,3e994f13,c083e858,c037ac5b,3faf1941,bf855ca0,4057f620,c0658231,3f4d07b8,c005b4f8,40849d14,bf92de62,3f1ff061,3f85dd40,bf2655ce,be64a49b,3ed29ccc,3f028a37,c07706e2,3f39b4b4,401ffaf0,405aa923,3fc708f0,be84710d,3f211450,3e92a540,3f2c8a94,3f2edc49,3f5da040,be855359,bf7aeea0,bfc362cc,bf701d90,3f920396,3f4ec0c9,3f2a7013,bf7c0358,bf8034cc,c004a17e,c026bb73,bc5d4244,bfad1d99,3fdf2134,bf1ff1f1,405c0e53,407132a3,40279aba,40184394	3fed25ed,3f56ad23,be6af103,3fb634a7,bfc1c1dc,bf2efb2b,3f988adb,3f3dd018,c06f8bad,3d84bd07,3edadda1,3fa6ee50,3ece64f8,bfca9d12,bddd9daa,3f190a36,c029359f,40656329,bfc76056,c016a29c,3ee32c45,bfa6edb7,3f04a827,c0441061,c056befd,bf2252c0,3dfbf712,bf2011ab,bdb1c117,4050d4d1,bfd8f14b,3f44022c,bf1540ec,bf6bd585,3e19cffb,be691c2c,407365ab,3f96e55e,40359d4b,bfd71156,3fcf8715,3f45ea1b,bf87ce4b,bc053784,403e7567,3ed1c78d,403b3b60,bfd8d8da,40135fdd,c00ac340,bfa38c61,c01008eb,bf3a91f1,bf84e735,3f4690b9,bfede340,3f7499b1,bfcbe1c6,bdae5f8a,bf430a10,3feab2fa,40439c5c,3f9ca1d7,c039b338	42993098
3fa2f9e2,3ecb7144,bfab96e4,3fd33177,bfd0655d,bfa8b954,bfb219c2,bf42a07b,3f84c78c,3fcab29d,bfa6be2c,c013c171,3fd0c8dc,3fbfd556,c04e5fda,3f6a7087,3f7a234a,3f894edf,3f892c3b,3f820fed,3ff1b659,3fc2cd3f,c07a2ce3,3fa8cf85,405a5aa7,400d7891,bfd1f650,bf99630e,4085d746,be8fbe17,bf9c5f96,3f727786,c0cc55f2,bbe0dd12,bf917b8c,bd3d9110,40984e31,c0009df2,3f1a9428,bef1a6d6,c08cdf0f,3f93fdb6,c0a1c608,bf5a3ea1,be15d613,bfcdccc2,3f40e691,3fc0db4c,bf903a7e,bfeb0238,3f8a0eb5,401215a4,3fe4a234,bed8b0d9,3f892d55,c0104fd4,bff6741a,3f512759,3fbf213b,befe7b8f,bf900625,3ed47a6b,c0080308,3f20fa27	3fb93fc8,bfe25100,be09e25e,bfc10a38,3e199a3d,c02af33f,409dffbb,3d2f2539,3f5b4da1,408af388,3f028d7c,c03e154a,bfd5e1b3,3f408bfb,c022d282,3e0b9f7a,bffbbb80,bf397261,3f0a3edf,c01f6db5,4019a0f9,c08bc405,3f8dca5f,4046f471,3e74d247,3f87aa07,3f931391,3f3b966f,c007074a,bfb557f7,3f43c9a7,3f9dd9c1,3f2ad396,c01c4c3b,3e455e1d,3eec8309,3ea41037,bfc8d542,3f94265e,3f52c119,beee6201,3e9a1637,3f0de26b,c01ea292,bfed1cef,bf63d728,3f915251,bfc0d32c,bfc79d23,c0266a3e,c02656e3,c0174161,bedc30bd,3fbf5a72,bf62aed0,3fd7aed5,bee7034d,c049c647,3f8884c6,3e9e7ea0,40910412,c01f6a15,40020963,3f8ad1e9	c1640569
3fc3fab5,407cbc54,403ba97c,bed52809,3fb9e66f,bfd1f331,c089805c,4020c588,3f64de5a,bfdffcac,bfd4fe16,bf82a1ff,bfb2c511,c030e9e5,3fa83309,3ea0efa8,3ff52932,bfd224df,3d806cca,bf559129,3fce657d,3f1b1280,3fa6aad3,bfd3658d,3fe998f5,3e466b48,4006d6b1,3fba4e04,c01f5521,3f9aacb7,40a6863d,bf5a39ec,3fbd0ca0,400c30c8,bfe0a396,c0726ca5,bfabd5bc,3ff1251a,bd0a7585,401e87ca,3f217bb0,3facabe2,c0043368,bdd61659,bfb1d8ac,c0a5bf91,3f4bfd14,3ef2256d,3e8c24bb,c00cc5ea,3fcb9bb8,3eb192d4,be96d4d2,3d0256e3,bfbbae1e,3fac8c08,3fd80e4f,c05d002c,405a4b9b,400fb0bc,c039db6a,3e965650,bf254c26,401f6714	bd21cebc,3da213ac,40185bee,3f6788bb,3fbac7c2,bfaedb0d,3f788523,c057f378,bff947de,401968b9,40033b3f,3f898a74,bef4dc35,3f5d71d6,3e22ea59,4003ed6c,bcb2183c,405f3ea4,40417376,c0ca76f7,403be7b9,be19832c,3fed9129,3f0fac8f,bfd54e3b,bf0ba63e,bfa43d48,beff7cab,c05e6d41,bf8b7c39,3e9df11a,bee5402e,bfeae5ec,bfe616cd,3ffbf013,c01ca79a,405f3605,c02952ab,3f0b7261,3df918c3,c02d6bb0,c01f30d0,bd637b60,bfabd019,3ff5f1fc,3f1c0446,bfa069ab,bf65f31d,bfe3f315,3ec9488b,c059f568,3df9c39d,409381f9,bf6a0780,400c9586,3fab3369,be39eb6e,3fe1b6a9,be0847dc,bf560019,bfcdaf1f,c092bfef,4025001d,3ee0d9e3	c227c944
400cd28a,3ebdf006,3fb64896,40531cbb,c027dd48,40862649,40363e8e,3f5ec593,c054bf86,c05723d2,4052447c,c0106956,3fa8b400,c00647f8,3ecf7a3b,3f165af6,3f11ca58,bfc3ea4d,3f5b59d9,403c5437,bf913403,3f0734fa,405fa69b,403b02e6,405abbf3,3fc2cc60,bf7ac321,bf430259,3e46cb7b,bf9b827c,be7b6092,bfa6bb43,c03ea759,c000df18,40085dbf,3feeec44,bf4b3fa8,401fa4f9,4001f847,c0839f12,bf57580a,bdc152eb,bf62724a,400d07d9,3c1160eb,c0960aab,3de45319,bef7e3dd,beb465cb,4043c462,3e6d9852,bee1530f,3ecf18c6,bf8e893b,3d57647f,be5f8469,400cdfc2,bfe089d6,be67c01d,c0429728,40070e7e,bf2ec728,c0285553,bee2795e	bef83552,3ebcc396,3e211a94,bf89380c,3da4c9d1,406c519a,3e70b5d8,bfcef15b,bf9225c2,c0795b80,bfbe3c12,c0689400,3e88ea3d,bfe6ab0f,bce2a44d,be9ba2e5,3f46ec91,be818510,bfea496c,befd0381,3faa87bb,405690a1,be477258,be21aa22,be7ed785,3f498a31,3feb6e04,bfd179dd,beb4177c,3df9b3a0,3ff875fb,3faf953b,3f80aa13,c032a234,c02b5726,bcdb4ac0,40096d8e,402082b2,bdff8a43,bed1f950,3f9240d0,bfbad470,bff35d8a,3fc39bbb,3ff1986e,402b8b4b,be30dd4e,404df876,3fc945e5,3c1fc43e,bf57ba39,bf8a1a1c,bec36db2,beea41bb,400b8dcf,3f37c094,c0132e40,c0291068,4016d49b,3fc12794,3e3ee51f,c056c663,404d14b6,3fe00a1c	411a267c
be10abff,3fbda084,bf94cd11,c08bde51,408d9df5,c01afd1a,4019866c,c07f6fdf,3fcb59de,becdba94,c01f555f,c0a4df36,3f94c02e,bf818784,3fcef1e7,3f862bfd,bfad76e6,3f797ce5,3fa0d23e,be3db308,bf91e2bc,c05d8eee,4051f25e,bfba9bd8,3ec4ac08,c0697219,bf0c2953,3bd43949,c0120992,bfd0a462,407556cc,403e6844,be77be88,bf851086,bf868b12,4034ab91,3f0824eb,3fb11fc5,be9b84c4,bde764f7,c027f51a,c05365ea,4023ed2c,4003a39e,40390407,c0688985,c01ff402,c04c0502,c02aa053,bf83ef6b,406c827a,bf27abe6,c018357f,3fd4e08b,3f47983c,3f36db20,bf517496,4024bd45,4014271d,bff64125,bf0fc213,3ea4a799,3fb27fb4,405ed6be	c0483555,bf3d91e7,bf78929f,4010b0eb,c005f99d,3ed08b51,3fc7d383,bf2a16dc,40559f58,bfca4823,bf92b209,bf1a0513,3f2d3dc2,3e1d063d,c0915e93,bf8e3699,bf9002e9,403b7d70,c03fb624,3ed8bfad,408f4740,403ad64d,c04349ed,4075a58d,400bd20f,3f8fe458,400e83b7,3f41a07c,3f8ac98e,403e0bfb,bec93ea8,bf23a62e,3f8d9ec1,bfaf05d9,3fcc96fc,bf4ec994,3f85a677,c04b7f23,3e8828b2,bf544f33,403b3aed,3f91a5b0,3f9015ea,c06ab6f4,405db03e,bf80e94a,402ba02e,c0042d01,3f09d32a,3fb38742,be6e0684,4021459e,4090429f,408b7ad8,bf657666,3fdb7f22,3eeaf735,bf72b770,3fccfdc6,bf56c47f,3f9d4930,3eb0b7da,be97fae7,bf882d7c	c294de11
3fefefaa,bf83e2b9,3fa82ab2,3ef48ae6,bfc88042,3e909d74,bfb5e087,4070f08d,4002fa03,beb60a0c,3fac4f00,3d9774c3,c03a7cc7,402f5908,3f33445c,3e1c36a1,c01df0c4,bfbc8230,bfeb3c30,3e825e50,4064ea51,bf7a6d92,bf8bb791,beddec90,400c4d41,c02fbb2f,4069d4dc,3da36b3a,3ffe17e6,bf23b978,4019b09e,400a86b5,c02264f9,c045560f,3fbc27b8,bf4d1f5b,408af521,bfac81e7,bf6055c0,c03fd019,3ea2a22f,3fc4a5ec,402f12c7,bfeec0b1,40bcc741,3f41b2db,bfa0cc6c,bf35e514,bfdce780,401c97ba,bf80db12,c044138d,3fa075ec,bfffd17f,3feabe8f,3fc5ab3c,c03807f7,3fc3270e,3f4b3509,3f70e034,bfb5a04f,bf2e4bc1,bff00738,3f8fd389	c037660f,be86cc0f,40645f5b,3bb1ba49,bfbc3d2d,3f87e561,3fa3df43,3db9353a,3f3a67ab,bee78bae,3fd610fa,c00776b0,bfdd1e94,3ebc577d,bfd3608c,bf8673aa,3fa2b5f5,bfacaab4,bf7af82b,3fe0bc68,403e1c3a,403a74d7,bfd8475a,bee0357a,c07afaf5,bf6eff7c,3f99991b,3eb40b7a,3fddcb24,bfc1b6d3,c0190f32,40836d58,3f45afc0,c05a4c99,3f71b272,3fd5893b,3f0e4f62,bf10a96f,bf251f86,3b3b6c23,c0114293,3ffb68f3,3ffd7c79,3f09084b,3f865227,3fa5ce61,bf4c5aab,bf4da0c3,bf944848,3f1a5ead,3fb9e4d2,3ebcbcea,be8c3f29,3f50ad57,3fe183c5,4065090a,c0777ef0,3fd20006,bef66a3d,c026f638,bf10d382,bfb0a204,3f5a9e90,401da596	4296608b
3f64e3d7,bf236eb0,c06c662c,3ece505b,bfcba9b7,c09b7994,3fe4b17b,bfc63062,3edee45d,3f329917,4002318a,c037acad,3dc83722,bfdbcba1,408672c2,3f8b91e0,3f92dd4a,3f1d1bf7,bffef803,3ed9b618,3fcb4ed4,bff8ce9c,c00a97a1,bed80064,3fd74056,bdeeb17d,3f1a1074,3f8c8d15,404215a0,3fcc4a97,bfaa763a,c0209d91,c0039563,c025ffa9,3e739d2e,c045460b,3f123620,4044efb6,3f59e227,bf3d48e5,bf6196f4,3f4ef96e,bf94be53,3f1f7ba0,be8cebdc,400cb348,3b02dac6,bf6e834a,c0783e0b,3f9011fd,3e81e4a4,3f93d1a3,bee9a17c,be5889ec,bf8075f6,c0055515,c01d7c57,bee3fedf,3fc6bf84,3fe02187,4011cc17,3f4cac6a,3f5dff66,beb30cd1	beba502b,405cb125,bfb19871,bff901f7,be92cbc2,c05030d1,3fba7d62,3efc3e03,bf676107,c090bca7,3fb50d98,bf40651c,40824924,3f7b9ffa,bf5cea83,3dfc4459,402637d6,bebca326,bf3e7fe1,400b8679,bf8e41c1,40544f1c,3ed7c46b,3ca32e59,c043cd23,3fee38cf,3d8a0e84,bf0ac7a2,3f91a432,3f47728a,bfdf8bc9,c0787c65,3fe689a9,3ea8fddd,402a6e48,bf40a7ad,3fcfc244,3fedba79,3f4a3707,40277c2a,bfaa0ab2,3f51983f,c038fa48,bf8ebada,3f3d877b,bf97663f,c05a07cf,bf1a5e37,3f3ada7e,3e6bfe8e,3f3118d2,c019d8c7,3f07028a,bf8d1e71,401a75ee,bf95fc49,3e5db160,3f4e489a,bf85fd9b,bfc5f658,3fe39b9a,3ff5d2c9,beae929f,bf9aa390	41c6c034
c073de55,be97ede2,3e910203,3fbb96ac,be5240de,3f859ca6,3f8dacff,3f9f79e8,3fe6fc2a,401f757e,c08397ed,3ee86099,4068930e,3ef1d136,3fac21cd,bfb6a1cc,bf8b67a2,3fb58043,3f8a09c2,4092a24d,c00c55cd,beb58885,3fb3f6d8,408fc5a7,400c1bc6,408da8a8,bf36f019,c048205c,bf668b08,c0619fce,bf613c2d,c0016c2a,c0712296,40b1439d,c0798e71,bee98053,c06c21c2,bb76dd48,bfdb7be0,4093c8ab,402489f0,bfa627d5,405fc99d,3ee9cc3f,3f58a6b3,c014e361,401aad58,c04310ba,bf92c9c3,4063edbd,4039a777,bf846406,3f86ba98,3f856f21,4068aa26,bedc201c,3ee16fb8,3f77f93d,3e04e934,bff74385,3ecef191,bdceabf7,3f98edce,c0245a11	bfe7838c,40218a2b,bf4f93e7,bf423f57,3e804e07,bfb16cdb,bfa46720,c0352efa,3f9e1f3f,c05e0199,3fa5f95d,bfe12282,403141d4,bf6ecb2f,beda66a3,3ede7b8f,c0875bde,3f26c258,3ddea8f2,3e93af86,bf61d8e6,401d31ad,3e218201,406e39a1,bca13443,bf47b2bb,bec85877,bfeeffcd,bfd177a7,3fe1737c,407eb5fa,bf5c1516,bf71abb5,c027bbe6,bdffa1f2,3f83939e,409e32dd,40134e7a,3ff89619,3f61e392,3e069ed1,bfc24258,c09ae2fd,c07aaf16,3fee8c18,c06fcad5,3fc442b0,3f990fbc,c0684009,bf318497,bfa73f32,3f9cb6af,c010b1e7,bfa7c603,3fa79607,402feafa,4039c9f0,c083cbc5,3fae8af6,be4dfad5,bf6451b4,bde96873,3fc91b43,bfdfe604	c19682cd
c06462b9,bf823f47,3fd64658,c03ed602,3f286b70,3fd8b0b6,3fa122a7,3f766369,3fd81781,3f5ab7e0,bf2df264,c021fe1a,bf24ca06,c0202ea5,bfb04083,bf4ee732,3f3552d8,40516fb0,402cfc4a,3f3bc377,3fca4289,3e5d04f2,3f383089,bed94d7f,c0070639,3fb315e5,bfd6f06f,3df1793e,3f9d7799,3fdcef1f,3fff6858,3fb87467,c0183103,bedf15f1,c033b200,3f0ee648,bf7e6d00,3f9e29dd,bfb7f46b,3ff1e64b,c001b71d,c00a4f4a,c016ce3a,bf1bb368,bf221977,bfae65fd,bf77e1f3,bfdc21b7,3f8c2f27,bfda3cab,404d0162,4021cd18,c01e5f94,bf7126ee,40035814,3f5d8ba6,bfb60a4e,40044d16,4029b521,3fb193c2,bf461565,bf346451,bfe73772,4062d274	3e323d05,c009b8dd,bf9203f4,be6a6763,4073aa12,4036aca6,c035fb55,c047b519,3fd63f16,be12d944,c000e435,bef6d285,3f62a17e,c068922a,3fc1551b,3f162be9,c012c735,3ec99a57,3f24af37,3f66b1fe,3f843a56,4098dd98,bf370646,407fabf3,bdf3a38c,c01875dd,c002d644,bf4551d5,3f420899,40562e0d,400c7f72,bec78f95,c017c8fb,3fdc257f,3f10fff9,bf50b128,c0070398,3d86cc73,40abaf5d,bf217767,403b089f,bfd0e230,3f741308,409bb36e,3fc64703,4080ffc3,3f0400f4,405d466e,403dd095,beaf598e,3e2fbbae,4018ef2a,c074d054,3fb1102e,3f811c5b,3ffc10ff,bef33c1d,bfb28ac0,c0224be0,3fad5879,c04d280d,4054603f,402004c3,bf4c96c4	4115cea4
bf8f04d2,3f0b6b20,bf1166f5,3fe735f4,400b2d43,3e722c2a,3f8a7b32,3bd1dc14,3fafe607,405dc526,400303ee,bdf7233a,be58c563,bf77bee4,4041e31b,c0c3a227,3f6c7c7f,c0879680,bebe1238,bf8f98f1,bf657c90,3f4b6975,bfab50cc,be8dedca,400312db,3f298e31,c08e2da8,c002cd31,3e9034b7,3fd7aee2,3f8faeb2,3e44a9e5,3ef21883,bfabe0fc,bff02d31,c04f345b,4021f96d,3f208382,c008e5b3,bf6f2c90,c0115b5c,3f6cf348,c0231464,40059ce9,409a4672,3fcb25bb,40563ffe,bfe54f12,40513072,c0235b9d,bd105f5e,bdac4c9d,3fcc236f,bf0c7fff,3f5035be,c0288e9d,3ee67110,be5989cf,bf00cbd9,bf41ac01,40775a48,4054b759,c0b60808,c0663c1a	3da23d9d,3e4b0c06,3f34dbd0,bde782f9,40268e86,bfba784b,bfbb3423,c01ae813,c098282f,bfe30a8f,3d6da23f,c0021a35,bba01a08,4068c79f,bf7687f7,c072b2a4,c08f223f,bed8c4a1,c0949ade,3dbc9cdb,3f01f4d0,3fc01bec,405e0493,3f4afc96,3ffbfc75,c016cf30,bff1ffda,3e2df011,3f04d4bb,4029f434,c06b33fc,3fa8bd88,3f576b16,3f9461e0,c00326c6,bf6e1246,3dae510f,40083349,bfd5382b,bfca71bd,3f7fc336,c01d1fd6,be84e57c,3fac570c,be3310bb,404619ca,c04cb954,402dc3ac,c0435f16,401f579a,c01fb03e,bfc36204,3f06a48f,40a7d616,4009dde5,bf5146d5,bf16420b,3ffa134e,3fad1423,bf34f764,bff316b0,bf7bc4a3,3e0d0d1b,bf5951cc	c11b4f35
3fad89aa,3fb0571f,4087d5a3,3e915264,3e01b759,c08f61a8,3ed9a43f,bedd18dd,4000aa5f,c00e80bc,3f949e86,40844a36,3f71c73f,3e0629b3,bf3a34e4,401dfea1,bfaa3c80,402d2779,40519ad9,3f757ebf,3f42358e,407da6c8,407951ec,3f509560,3f33b458,c06c31f1,3ed88477,3fc3d455,c0283486,beede66f,4039c166,3f5543d2,408cb93a,3fdf8415,4022db5a,3e4f4ee0,3fd618a1,3fec6b24,40432e17,bea73d5b,bf02d6b0,c05442b6,c034e7e4,c01dd77c,c04d8e86,3f92d7a4,bf9d8e96,c00da7aa,c03181af,3e2ced88,3f4d60bd,c018ab24,c045ff20,409b2a50,3fac381a,400d9570,3f743d46,bf24ab25,3ff7e1c5,406cb8ef,3eb40740,3ff3882f,3ff60755,400c27e3	3f6877a7,c0504171,3f50062c,bf48bd54,3fca96b8,c03fd7de,bf32e50e,bea40cc4,bfb8e71c,3ff8234d,bd934009,bfcce19b,bdab5cbd,c03c276d,bee82c4f,3f98cc2d,3f437284,bfdb86bc,4018b161,40228415,bf296091,bfa4d2af,bec0803e,be363373,be4124ba,c01c0d18,3e64f224,bf378684,c01ee8c3,c009464c,3fddf1e7,408903e5,4054cd6c,403cce67,bf82f598,bfbabd30,c00253ff,3e95005d,400dd631,3f4fe5f8,c0233c76,3eeab9c2,3f454b44,be5d4fb9,3f9754c0,3b825def,c0429e0d,bfc4f0f3,c070625b,40194f8c,c001e51f,be0fb1a4,4047011b,be89034d,c0324406,3edd5d12,3e9db63c,3fb5753a,3ef281c6,3eee5faa,3fab3a68,3ee00cb6,40173b40,401ae860	425abbfa
400afd36,bfe17298,400cb0f4,bf200b99,3d80c9a9,c02138b2,c0382a89,c03664ac,3ff40ec6,40a92da2,3f98bb43,401682a1,4051208d,bf49beb3,400b473e,c0350749,bf60030e,c0732dd0,3fd39293,3f09ecaf,be94d2ed,bf3a20c0,c0103f20,40149107,3e8ca105,4059c1a2,4095439a,3f630af9,bf699391,bf7b3667,be8e93db,c01f967f,3f7778ea,3f580447,c036516f,bffaa112,bfd6ecb7,400f1307,40a48106,3f04c33e,3f8a6be5,403d6d59,3f83ee0d,c0a66c69,bfb7560e,3fc403de,c0326626,bfb5af9f,407dd462,bdaf02a3,bf21db4e,c084d86f,3fb4e025,3ff8246a,400bf1e3,bf9da7cd,bf195ab8,400029ca,3fb326f5,bf8406e6,bf1ee992,c029ef97,c042fcd5,c01f9965	c033f5ea,3f49817c,bfeaf268,bf78b490,bfe0689f,c0037297,bfca90f4,bf89a669,be67380a,404d8a4b,be963942,3f11fcd4,bfdba48a,401fcf36,3e865979,4082babf,be3218aa,c033a6b8,c081504d,40326012,3f2eebf4,bf3d55e7,bdda9c36,40918bb1,bf81a7be,40016108,bf346ef2,3f760bd5,c06a0bbd,401d9793,bf0b3ae6,3fb360cd,3c21938d,bf89b7c8,408775dd,bfad9306,3f29fbc7,c057105b,c0801af9,3f80249d,3e844f4e,3fe6bc76,c026fbe0,c06ebfa5,3f93455f,bfb1007d,3f8ed666,3f82da23,40563755,3fa6a3b4,bd59533a,3fc89ca0,c02f8ea9,3e58a3c2,bf01d11a,c00d774f,3eb742ca,bfe7b12f,3f555e5b,3d623725,bf99a9b0,3ef5aec5,402344f7,be2d09b8	c137ff06
3f43dbd1,bf38d274,c04ea032,c029fe1d,c01a00dc,be4cfaf5,3f9ae20c,3f47dfd7,3f104466,bf848c2f,3f491c4d,40139197,3e331dd3,3feebe6f,bf9995d1,3eb5604d,405836e5,3f995723,3eed9ed7,3d6bad2e,3f5867b0,bf6a5c73,bf0b96a4,c0690c81,3cd34c9f,c02e25f3,403cea71,3fe4655a,4046e238,40693520,3f11021a,c02887c6,3c357e35,3f865732,3f89072d,3f30e27b,bfa4cc9d,bf1e4126,3f596bd1,3fb8da39,3fbfc252,bf1b24b1,c04147af,c02c0044,3f1c98a9,bfb920d2,bfc22057,40824b3e,3fac40f4,bfbd1c12,403057f2,403253ae,3fb155fb,bf283694,c05034a0,be2e9846,3ff58b14,3ef34234,3fd4e6f8,3f94e753,bf7accf6,bf3ddbae,bf85fa5e,bea5c1a0	404186c3,c00a5f3f,3e7db855,c01bd72f,bf3aa09b,bfe0eced,40678aed,400ea8db,3e9c0749,3d9941c2,bfc59852,bec590c3,bf64b4e1,be926fb7,c03850b5,405a0101,4084d6e8,bf1661f9,3fef5f27,bfbfd6fa,c02cc8d0,bd9b2ecc,3f6d4bc6,bf9770ef,bf998d44,be854762,3f2ec51b,c0104985,bf74d075,bf2fe6af,3f9059c4,bf2f0f2d,bfa0b02b,c018155a,3f2d8f04,4019d524,3fb88d0e,402c3eac,3f8da3f8,c06402ab,bf977228,bff3cce8,bf7ec70a,be8ff7e0,402004d1,4095d44c,bf356c1c,40149776,40261043,bf0a548a,409aebd2,bf90621c,bfcaedc4,3dc26894,bebf7cf3,3f2cf07a,bf89f44e,c0737cff,3ec77286,c01ef59c,bfbdd86b,bd2a3888,3fc6556c,3d11f5bb	421acef8
40449b9c,3e4373e3,c0438641,3e63379d,bf8fdb76,bebc4335,40bafac7,3fcd420a,3f8a28e5,c0046142,c0199289,3faf2df0,bf781773,bf973675,401bf8f8,bfd54e91,402b9be8,3f1144dc,403b8289,bf677630,3fef89b0,bf78925e,bed22eb9,c04082c0,3fd270eb,c06493c1,c00571de,40987080,3eebbe42,bf0e38e2,bd77e6a3,bfe24692,c008495e,3fd4cd2f,bfa9af6d,3ecc433e,3ea963bd,4039e410,be7e76c0,3f321115,408cc642,3f73a6f5,c04f5853,bd5c3757,4092dc8a,c0001edb,3ee2e530,406c0f13,3e8fd6b9,bf47aded,bf8410d5,3f963f53,bffd72f1,3f7da29d,3eae1286,404023a8,c080b7f2,bf591233,409f5e28,3e445051,c0943510,407966ac,c0118226,3ff79869	40785934,3fa852d6,3fd9f783,3f99e438,40118a2e,be114c86,bf61a687,3f188d2e,c07cf53a,bf2f702c,3fce9fc9,3fb43b6b,3d2ccba0,3fb44a6d,40a5b7a3,bfbd2bd1,bfd538c6,bfa9d5e4,bf9ddf89,3e6f268d,400090d4,3ebfa1d6,bedb777a,403868f7,406a5a52,3eaf28f0,bfb30d36,bffc119b,404b8b59,3f762f4c,4000425d,bf533bfb,3c794b32,3f3a15e6,3f606f1c,c02506d5,c0a7e61d,c0100a7e,3d3900ea,3f200b6a,3fab3807,be889ce2,c06b6dd7,3f96b639,c037074c,3ec561c7,c07f3459,c0adaf15,3f17a94f,3fe55e72,4027873a,3fd1e02c,3f989976,bff3fc7c,3f668235,3f83845c,3f3e6ff4,3f365adc,bfb1f455,3fd72b9f,3efe1847,3ea1d527,403b319c,c04a592f	c269806a
c05d5e03,3fde2239,4021761c,bd412367,4060258d,400dde63,3ee1f2db,3fec4e90,405de2ab,3ebec7d1,3f3d6e90,c02186f5,c08a9bfc,3fa04755,3f1757ac,bf87b507,40189693,3f8588d3,bf0d207c,3f0b2646,4047b4a7,bf017b66,bfe3b6d5,c01cdfab,3f9bc25c,3ed0fe79,4034b837,bfe0ab77,401c8c37,400a853e,3f76d20a,405720e5,3fec7074,bf1c8049,be8a990a,3ff4bfc2,bf5bcfdf,3f37d43d,3fcdc7cc,3e672a69,3df9dbfe,bdda1aeb,3fbb4eed,bed0300e,3eb1a7e6,3f4af432,3ca1658c,bd3f07a0,40a9526b,3f4b88dd,3ef71084,bea6fde4,400b4338,3fc7183f,3efe1a4d,bfbaf82b,4028a7da,3dd3c8bb,3f9aadfc,c05a5a5c,4014a04d,be9128d6,c0a98816,3d2ddf1f	3f6812dd,c002bb42,be31a641,c0148eb6,bf3db55b,c006e4d7,bc0f6dec,3f7196d3,bf369fb9,3f3fca67,bf41ecc9,c061ac9b,3f45ffa1,3f631027,c0079620,400c4f01,3f189c61,c0045692,3f181496,befe4830,3d4849c3,3fcd100d,404620cf,bf5fa7e9,bf8f1d2b,bd253601,400810fc,40acb3d8,4072e9ce,404ed804,3f7762d0,c09fa783,3f2f2ff8,3f504bdc,3f9f43ad,3fddc998,c039cbff,3f402461,40289f23,bf4a7731,3eb1af15,c04cc933,bf9f29f4,bf8adcfb,40079da4,bfa9681f,3cfb7c28,402c5c85,3f1c48ce,40272f81,bfda1a75,bfd832c4,3f853087,bdf7d476,be675ad3,bf6ae987,408fc56d,4098c018,405d9e72,bfa6e40a,c00aa6ec,3f94c9ae,3f8d57ac,c021f71d	40ad3886
bfc6ca73,408838d7,bd5dea60,3f93c009,bfb9b395,bf1040c0,c000505c,4029ef53,3e13428e,3fa0627d,3eec380d,400f04d2,be7a03d1,3f239321,bf7f383e,3e7721d4,3eb5e289,bffe42df,3e00cd45,c00fb446,bfe25f1f,3fce1d5e,c08de9e0,bdccbc20,bf9f6ca3,3f4ff5b3,bcfb6f0b,4014422f,3f5f70ce,3e6eba47,3f2b44fc,c0074f5c,c01e64f5,c02adc25,3f97229b,3f0d1c71,3efc3b20,bee40724,c080125c,bfa7bdc6,3fa0e0bf,3f5c6a05,3fd03744,3f3005d6,c012c9af,3f07ed89,3f2534c6,bd61bd00,bfaf1840,bf08538e,3f4d573f,404a6a40,40395d0d,3d8bc7c4,3f1dd71a,bf560190,3ff25c89,c00f4e34,bfa0953b,bfb47bb8,3ffbc137,bf223228,bf7d5c8a,4047b2b5	406bfe60,be736228,bfa31c50,3fabcb60,c000858c,c06f08c1,3e6b112d,404494c1,3fbb3f71,c05ca0ea,bf0e8e33,c024cdaf,bf105fbe,bf988b09,bfbf67e3,3faa0fba,3e8831ec,403aa89c,3e86958d,3e40da92,3fcf4d4b,bfd632b1,3f227369,3ffb462f,3ef8677f,c03bce28,be99ad31,c0173127,3f1c9286,4026bc3a,bfe4f05b,3db2648b,3f0a8c6c,beee1986,be238266,bdf22223,c03dbe6b,c051406d,3def088a,40a4dbe7,bf0fdd94,3e248c93,c06038f0,3f7f83a5,bea44a39,c0922e56,bde4e3b5,4040926e,bf2a7b3f,bff49fa7,3c95e188,3f85f638,c009f03d,befd164b,bfdcf706,3f243cd6,bf3a3563,3e98a29b,c09652fe,3f0b7f97,3f3d7133,40228e7d,bff1b0f0,bebe6350	c21b0a08
3ffacf4d,3f50278a,bfa83bc2,bfa32cf8,405d3540,40747370,400c0fe9,bf21ab7f,4001804d,3fbfa198,bd47afa3,be1c6ca8,bf39b477,c01df19c,c045b99e,40650248,bff9632b,c025e332,3f362582,40196874,bf5d8cc6,c04330db,bfa54d55,3ea5cc1b,befe8a66,3e89a474,3f511cc4,bf9ab2a0,c07c7484,406a1950,bfde8b88,c083852f,3f6ec923,3f896b99,bfe537e7,c012064c,3fb8d366,3fa3d4bb,3ee74c30,c0178017,be1dd492,4008228f,3fb668bd,401109c3,c04d0372,c0078a41,bfe71221,bfd673bb,bf33fde7,3fa4c6cb,c0061779,c01b21db,bf7c380b,3fb4ddd6,bf9f5aa6,befdec4e,bf4c71e4,c03d63eb,3fd6ac1e,3fabce11,be9cfdc6,3e6a92ff,bfe32966,c01b3515	bfb25ba3,bd86a9e4,bf847203,4075c923,3ff2b8cb,bf0fee99,c0223474,3fe7e76b,3f130583,c017da7a,c0326865,3ff968b4,bd901a4c,3f51a8b9,40316383,4002fc55,c01f4f03,bf77c696,3fcf1307,3f51a67c,c000943e,3b9ef9d4,406e6a16,c066b6b5,403c970a,c00e7074,be743676,c094c409,bf6927d7,4005fe33,bf2f6d5a,bf13c87a,be878d9c,3ed23de7,3ffae2e7,3fb72af2,bf700e6d,3f4d50b9,bf6db376,3f8ffedb,c0935559,c095628f,3f64273f,befe30ff,3f8091ad,bfedb37e,be3e4094,3f8ab40b,3f2c43ce,c011f0cc,40244df8,bf978643,40b6c1ba,c016e022,3d779e2c,c0a9dae1,3e32f7d2,be363d37,bfff98fe,be9225ce,c00b123c,40844a50,3e9fa252,bf9320a9	c1acf428
c0592640,bf4dec04,3fd9d611,3fbbf515,bfc0f4e7,40a25302,bf8131f1,c02312dd,c055ad48,400ddeb9,3fd548df,3f829ce3,40c7c22f,be95cf12,bf8f0275,c02602a0,bf87892b,3f6945dd,bf0c9a5b,3f8f9df7,bf14b71f,c03c1882,3e02a7e7,3fad97f2,3d540530,3f16b6e7,bf5e72ef,bf944c7c,bfcb6d9a,bea0211f,4083a4e6,becbc018,401be318,40a3dec7,40189687,3f66a845,bfdcc433,3f96df52,3f86ed39,bdf3a3ad,c028c4b9,404b872f,3e200ebb,3f87f17e,3f853437,3fd0917d,3f2408a0,c03fd2f4,3f4075eb,c04e2e1e,bedc8db5,3f8c69d1,bfcdae5c,3dab04bd,3f5787d8,3d3254e3,3e1d77b5,3e8e380e,bf3ce67c,be82bca4,3e361f52,3f9c7364,bf26cb8d,3f9944b3	3e0542c5,bf133de3,3f146392,bf43183d,401a33fc,bfba9bbe,bfa6306c,3fef811e,beb35756,bef853c9,3faeac96,c0db4401,404ee086,c05675bf,bed616cb,bf157785,404eccc4,3ebcc831,bfb96424,bd07bc4d,3e4767af,bf40f142,bfd16e46,3f7c9f12,3edbf8c3,407794de,400092ba,c071ba7f,3f7341e3,c00501bc,402cacaf,3f813f99,3fe9e3fd,3e8ad725,3fe0bd40,4011e6b1,3f26834b,be2f521f,3fe62876,be1ce7ae,bfd43b77,3f91eaea,4008e953,4076a295,c04e783b,400c15b8,3fe60761,c005f078,bf818113,c0357b1f,bfc14c26,3eda643c,c07ce3c2,bf4136a4,3dc21b58,c021170c,bfb0d587,bfea5f59,40030944,3f752994,3db710af,3f83dab9,bf6d5eda,40373cbd	428dcd3b
40ce4a81,c012fba2,bf71c699,3f3a83f5,bdc369de,bf8249cf,bfe90e69,3f344df2,405d5e71,bf8e9490,bed10c15,3f8b1cf8,bfa9f943,3ea2afaa,3f135f63,3ff65c22,405c06ce,3eb973ce,bece8bdc,3f1ddd29,c0094f80,be83c7c6,bf103320,3febdb86,c0410739,3fc6fe9f,3f6d52ad,bfaf9248,be9a6a03,4026c996,bf26187c,3ee45b04,40017f3d,c040d4c5,4065218f,c0167f73,3fda804b,3fd10de0,bfb4aead,c01f8c98,3e9ffc80,40ac5040,bff298cb,400f622b,bfbbdeac,bee7213f,3f45bd24,403f8f40,bf13cfae,3f01ae6f,bfbc7726,c0055837,407566d6,3fd51142,3f2c01ec,bf48cd11,c0538e52,be65c267,3e866cfd,403db687,3efe0de3,40049562,beabb82b,c012cf07	bf11318f,402f7a2e,c006385b,3f73b50a,3f97ede9,40060a61,be24c616,40542dc8,3ed5ea0d,bec267a5,c00e0893,3f85d817,be70b9cb,c0121cc9,bf162a56,be570c1f,c00f6cc3,c0807e91,3fb972b5,bfc487d7,bfc5d66d,c066bc2f,bfb704cf,3f489727,bfe9719b,c0931ea4,40159859,3ce9ada7,3fd0c129,4064b69c,c09fd266,c0a11902,bff78828,bd989e98,40910878,3ff92dd5,bf8bf3a4,bf5d24c7,3e90596a,bfffd9ed,402a2e98,bf1b0a74,3f7e630b,bf499fe8,bf7cf25d,3ebfe406,be70e3f8,c0066b37,4045e43b,bf58a50d,406460b4,bef4ff7b,bf012f7a,bfe70fc4,3f9239aa,bf8d115a,bfa2be36,3de2e7c1,be873379,3d8e3966,c016a069,bf4213f2,3f983284,400edfaf	c15c2854
3ffad1b2,3e0b3345,bfe2731e,3ef14a73,3ff1a0bb,40373bd9,400433ab,3f3c6b4e,be43bb42,3f8b9aff,c003800d,4008d875,c00c5740,be5267fd,c02a46a9,bef11690,c018ccf8,3f7d5a57,bdb2069c,c0196edb,bf9d68ab,bfb4029e,bed23188,bfe91e4c,bdf8e39d,3e9ad478,3fae11b1,4041cbf2,3f6781e7,bedac5db,bf948d2d,408d1ccd,3e229d42,bf524021,3f93d99e,3fbb9b75,bfdf3bb2,bede7b22,c040a081,bf5d5daa,bed0a26a,3db00570,3fbce758,3ffd710b,3fdb6cd9,3fd2db3d,3fdf8326,4056a17b,40714ad7,bea9b9e6,bfcbc506,c02502e9,bfb04832,3e16b458,c0285713,bfd1c9f0,403663d8,c08ec5ff,c001eb9c,3f122fc4,bc857e94,bf0b25ba,bf5dff1a,3fed8e8c	bfa17f7b,bfdb9cbf,3f2409b3,40215f58,3f7dbf8d,3fe75d5d,3f2d59da,bee836d3,3f3d4cec,c0522cc7,3f09ced0,bd9c664d,4001d834,3f73dd6e,3e98a2ef,4011736f,bf46964f,bf07b505,3f23457f,bf83aae6,4020c014,3ed7b4dc,40159ce1,bf62d088,3eb42121,bfd709b6,40863662,408c2819,c027cc9a,bee8faa7,bfa21241,3f7db2cf,3f66d626,bf0e8a06,3f909ea5,3f95906f,3f85473d,bd7e442b,3fc8f7e8,401f26d3,3ee74dab,3fbc7bf9,bfa9988b,400ad26c,3f708db0,bfd194a1,c015ffaa,402d261f,c0360df0,3f6fe4a1,be00a389,bf158ede,3fbe3994,3e6cba01,c005d1cc,3f85cdd3,bfdef242,be41372b,3f765e24,3f4399a3,c017b4a0,3f7418bb,bf2c51b4,406bc169	4139fdfc
bedaa5a6,be0fad71,3f8fb9fb,3f0a442c,3f98b413,bfd12261,bfa47cac,c02f1b19,c005b1ad,c0063355,3f0bcfaf,be945eb1,3f58fcf6,bfa65ace,3e770c5e,3fb38201,4098f2ef,400d9e30,3ffe1c6c,be08c540,3fab91bb,3dc9fca8,403bca77,3f95f06d,c0554e1d,3ff9d4c1,c0b8bd08,bfa5bae9,402278dc,bf185293,3fdc1279,bfaa38d7,3fd7f57c,3fa6d459,be41c011,bfe13846,40363a4a,40370dad,3ff5b466,40288dcf,bdc92760,c087b68e,4012df03,bfcce7b3,bf8a70ab,4022dd48,bf8e8d9e,bfe27ddf,c02e83e5,3f86bda7,c001a5ea,bef3eba1,3f402f04,becc3b28,c05914e7,bfea93bb,3eb89ec6,bf7734c5,3fd1da60,c01244e0,404e6156,c061afb4,3f2483d2,bfd49ef8	3e638946,3f8bb699,3fb17685,bf0fea4b,beb60877,c0435eb9,bdde4ebd,c0abe5b9,403c087d,c03a60c3,c0157a81,3ff9f017,bfcef935,3f72fd63,3fe253d6,3e1561ad,3fbd6f7b,bec06914,3f3b2445,bf8f59a5,3eab4520,3e4f1b0f,c03bfb59,bf46d43b,3b7517c2,c09908d9,bf8232f5,bf7b3189,3fe56313,c007fb0e,bf2478eb,bf0cc775,40763673,c005a9be,bee0bc8a,3eec21b4,404ccce1,3e06da1e,c01fbcba,c0010ab3,bf05902f,3d47b39d,3fdf4c3d,c0352448,c019e573,bf9381a9,3ed4e51f,c031824f,bf4c2efd,bf541265,bfdb198f,c08c7f53,3e8458a2,bee5fc96,3fa8d713,3ffd06f5,bf60cc7a,bf3b19fe,3f267891,3f105d84,c0629b4a,3fff8c12,bf247f60,bec91195	41695a12
3f6da070,3fab7c50,bf0fc05c,3facc0bc,c03c5e9e,be7cd67d,c04038a2,bdada2d1,3f3c2d9b,c048e323,3f0961cf,c0298357,bfe9f58e,bf1348e6,bf3beb58,3ef6027e,4043b1b3,c05d2b69,3fb19727,3f435ec3,bfbd4287,400162b9,c031c23f,3fff2213,bf151fb1,3f9c0b97,40719c24,bf8c3f18,3fafec00,bffd6dde,404baf38,c0674df3,3fa04c05,40879398,bf9f20df,4025788b,3e416fed,3f874a8a,bf9ee265,3f3130e2,408b6da9,c07eb99b,3f918e12,408060cf,c000bf3e,3efac346,3f4aab6a,3f7c36ff,bfa14889,3fc0d4dc,bfd73afb,400f248b,bf896f22,c02614be,3ec60d79,4036850d,c016c164,bf82d800,3f36779f,3f9165cf,bfe67870,400b4e5a,3f8a5f1b,bf062588	3d86a8a1,c01666e6,409277d6,3fe03884,4008c693,404ae38c,bf365e0b,40080d51,3ec630d2,c005a8c8,405ff462,c03cc693,c0a5726e,c00abde0,beb54890,3fbc939f,40333666,bedbf64d,3fccae1a,3f9447c2,4005172c,4042ef61,c039db63,3f4ad8b0,bf860e94,c02fae9d,bf58de35,3f84cfb8,3e96bcaf,3f9a06ee,400fb898,3e9a5ef4,c0730b73,c0121e5c,bf0c5e68,bfe820cb,bfe2f7e1,404f8861,bfb524fc,bf9a27cf,c06465ce,3e6e4845,bfba6295,402fa007,c003cd24,401512f9,bfaef107,406f0744,bff396db,3e53fbf6,3ff67e1b,3f95d5c2,402eb394,3f7f7428,c085175e,bf5f9d0d,3f751b99,3f20c4df,bf1ec0c1,3f2dab3a,3f86b66c,c0271efe,c02a3a79,400fab0c	40e90e48
bfbde409,3e6ea33c,4087dfd2,3c7eabf8,c01c412d,3e796de2,c02158df,bea94d3e,bf0e9e26,3f8c4174,bf941087,be6f7c19,4016dd6a,c051ee06,c0aac8ef,3ff14188,c007f13c,3f043459,3fdd51a6,c033ffc9,40001c57,4002e760,bf6612b9,c08573ea,c00a926f,c02266c1,c0499a21,40056390,3f91d6ac,c06c7088,3f91a1bd,c025ce18,3e853796,bdb1b5e6,c0500753,c0035738,bfd2cc12,be821a81,3eb6f400,40792091,be098a90,bf503250,bf4a81a9,3f1d5c9a,3ffeade0,403b0a10,3ff8bf97,3f4eae61,3ee7177f,beffb2f2,3fc2b5a6,3f8003ba,c0293c5c,bf207be9,bfe27c6e,c080a90f,3f1523ae,3ee7e292,bdc7853b,bfb5205a,c0468f69,3f36cb94,3f556521,3fe8589c	be1c03f1,bea0e13e,3f02b1c1,3ff20f98,40172df8,402df817,c010b668,3e3c108e,3ec580a8,3d6d0f1e,bfcaa51c,3f429f6d,bf2f87ef,3fa6eaa7,bfa6f51b,bfe95710,3f6e67cc,bedc084b,401fa0c3,be3d9771,bf190b18,bf4baeed,4032f483,bf62a37b,3f7c43d6,3fdf6259,3b581b1d,3fd94f22,bf722467,3eec2770,40790777,bfc58215,40d28fa4,3f4c7385,3f0aed07,4002d5c6,3f188a12,be9c25fb,bf33d2f9,408cc75f,c01ac73c,bed601d3,4005331c,bf3be65b,40008982,3fdc03b8,40ae9619,3ef58c63,3ec8b98a,3fbd4aa4,c0339368,be837c80,402c1b88,bf25fe1f,4067a862,bfd8c8e6,bf548439,bffe8736,bf30fc7f,bfd6a42e,bebfd550,bf913c66,3fab5f11,c00d4044	41b7d12a
409de382,bf1b2303,be70fa6f,400985d0,bf7c2c48,bf8682b6,3f8a7445,c08c748b,bdb8e2c2,bfe28e6a,bf198b90,40823561,3f215d1b,3f8d203f,bfd632da,3f8a0f8d,3fdb7703,400c9ff5,40aaa50f,c0237ab1,befd9231,3f251519,3fe0bf8b,3e969a1f,3f0c0928,bffdfed5,4088638c,3f5a0f5c,3eaaa3ec,c00e1856,4001a607,401df36b,3e10a072,c0179f24,4035b12d,4008c136,3fb6e941,402f6e4c,3fdf28cc,3eb795b5,3e1fa971,bf2c57ef,bef65bc2,3f547a1a,bffad363,4028a9e1,3f0e821f,3ec00978,bff9a6b0,bf0da2a2,3d34c4d4,bf594365,3f8587f5,3dcd8ad1,3fba2400,bf35d1dc,3e999b42,40731230,3f552d82,c0468098,c01ce94d,3e9f65ee,3fc73865,bfbedb04	40679328,404134a7,4084ec9b,bfea8cb3,be850727,3e92da88,3f58d229,c0281e00,c00b8e1b,c0075ad4,3e8987c0,bf891a97,406aefd3,3fdabfce,c01f39e2,3f339385,beb741a3,bf35f8a1,bf883f76,3e025234,3ed8a0ad,be2485af,bf4ebbf2,bf8313ee,3fd9c501,3f409279,c0abd14d,c00f6c2b,bf38a3e4,c025bcd0,3e0e13e8,bf5ad52a,40082094,3f8b9930,bebf772a,3f443424,3f5ef65c,3f988d05,c0122ce7,bf1e004e,bfa26368,3f005112,bc0eee95,3ee25b74,c012378f,c081dcbc,3fa44133,40213e6a,3ec0d5e5,401ea186,40040995,3f0de064,406557b4,40525bcb,40062c04,bf1e32fc,3fd39f9c,4016d3dc,bd85e0a2,c063ddeb,bf2a32cd,bea5809f,bd3dd9b8,40ba8b1d	41450035
befcfc31,bfad4479,3ec69248,3fc4d9fe,40227fab,bff7a928,bd7e31ed,3fc19268,3e5a6a40,c0986e88,bfb505d1,3f9176ea,3ec3d7b5,bfde3f23,3f248d81,3fc81b04,401efbde,bf51ce39,bdf0f538,bfc31e6a,bff34b7b,3f2f93fb,40978258,3c62c4a8,c060de19,c00ee4f6,3fa82504,4041d84a,bf1080d2,c0447b35,3e8ba787,befca8b5,3f1db4a7,4008c5d1,c090b5d6,3ebab5d4,bfff3e5b,3ff5a094,40231194,3fb16262,3e8538d3,bf7ee340,3f9585b1,3f1ad86a,400dcc25,bfde1333,bdab1fa9,3f47ff40,3f0924de,3f1c9c85,3c7427fc,bf352b88,3f27c9aa,40240fba,bf0c3029,400e8fce,3f2a07d5,407755d9,40202a26,3fc590e3,c049838a,3ed5cfb6,bf9629db,406a2a24	3f37e10b,bff8d3bf,c05da742,3f9fe057,bfa8aa98,bfc1a40c,bfad5a48,beae9b5a,3bb6d8db,3ebc960c,4022c995,c040f252,befe70ff,3f773de3,3f266ac0,be55c927,c039d9b8,c0a001a0,3e22e680,403a38b7,405362c3,3f857f15,bf11d1f4,3fcc92dc,3b1122ae,3f1212f7,3fa5d1fe,3f97d03b,40122731,3f88f6e3,3d852e6d,c05d9781,c0070c59,3d991b1a,bfe92266,bfbe62ff,bf24ec52,c05af1a4,c0454102,3fa61a0a,bfd670b1,3fff0978,bd9578a9,3f1fdd93,c00b0524,bf6ce2f9,beb65f36,bfc3066c,bebd3f3f,3f5a7909,3ff7f83f,bf56e4b9,3d9555ad,3fc54de4,4043c776,bfbec2a7,c08a5171,3e9f396d,3fb67a25,bfb9d9d8,3f69b663,40199e45,3f0edcb0,3fb3a018	c2010074
c0349f08,c0188e04,3f4e20b6,404f21df,c008e391,bf1c6fce,3ec8e802,bf6c8ac2,bfe52695,40271460,bf5511e5,bfa97563,c05c92c6,c03c32b5,bd5587bb,bfc9cd34,bfa389a7,3fc629f1,c049bf51,c0320114,c00fb30b,3fa856bb,402f6915,bf866ad2,4005062d,bef06ce9,be79a197,be474fbd,bf8ea717,c00c927e,400df5d8,c0062639,bf31e9c7,bfbf8cb5,c0072d03,3e916088,c0080a7b,bf63f657,3d8f8e4f,3f7e8543,3fdcf979,c0c07911,bf368960,4059a876,3f4dda44,c07b2106,bfd8b681,3e6f0f79,c09d3bed,bfc60439,3f7394fc,bc187948,3fed83d3,3fef9e5a,bed19cc5,bf5c2764,bf36a109,3fa6f183,c0516400,bf411b2f,bf254d35,3f65ade5,3e67e6a0,3e9c0683	bfa39994,bd2a94c2,3e4b8a15,3f7c5082,3e8e83af,bec3d40c,3ff4be50,c05dabe4,3fd4684d,c00d4603,c0133880,c018ff5e,bfb6412b,be55f59c,be16f501,bfc06570,3f7a4571,bf90a071,403cda8f,40961d0e,bf7fdd92,bfd5d2cb,3fa78a89,3f91332b,4011891d,400dffe5,bf578d0b,c0070e83,40338b43,c08c2016,bef32b37,bfdc57bb,3facec5a,3faed307,c031513d,40353720,3c9c2b35,4009dd39,c03569eb,c099770d,c08c4f74,c033e8e6,3ffc4588,3d4c0588,40005eb0,40c31497,c00ba044,c0b6b245,bfb35d20,bff86f25,bf43d892,c07d1bb3,c097a58f,3f9ed83f,bfab6ddf,bfc9f73e,c058ef58,beb44623,beb4892f,c090e162,3f8f3034,bf32efeb,3ea7d9de,bf3d0350	bdd6f070
