name	kind	begin	end	rows	cols	bound
decoder.block.0.layer.0.SelfAttention.k.weight	row_l1	22440	808872	384	512	215.21190251300638
decoder.block.0.layer.0.SelfAttention.o.weight	row_l1	808872	1595304	512	384	575.133109964455
decoder.block.0.layer.0.SelfAttention.q.weight	row_l1	1595304	2381736	384	512	27.081733209751924
decoder.block.0.layer.0.SelfAttention.v.weight	row_l1	2382504	3168936	384	512	210.06496630889629
decoder.block.0.layer.0.layer_norm.weight	maxabs	3168936	3170984	1	512	0.16312435269355777
decoder.block.0.layer.1.EncDecAttention.k.weight	row_l1	3170984	3957416	384	512	217.8201328249103
decoder.block.0.layer.1.EncDecAttention.o.weight	row_l1	3957416	4743848	512	384	756.60922575233019
decoder.block.0.layer.1.EncDecAttention.q.weight	row_l1	4743848	5530280	384	512	29.82234766934004
decoder.block.0.layer.1.EncDecAttention.v.weight	row_l1	5530280	6316712	384	512	140.83984634833982
decoder.block.0.layer.1.layer_norm.weight	maxabs	6316712	6318760	1	512	0.22994647920131686
decoder.block.0.layer.2.DenseReluDense.wi_0.weight	row_l1	6318760	8415912	1024	512	245.74593550641964
decoder.block.0.layer.2.DenseReluDense.wi_1.weight	row_l1	8415912	10513064	1024	512	302.14577495372481
decoder.block.0.layer.2.DenseReluDense.wo.weight	row_l1	10513064	12610216	512	1024	1149.3340124060051
decoder.block.0.layer.2.layer_norm.weight	maxabs	12610216	12612264	1	512	0.13487453758716586
decoder.block.1.layer.0.SelfAttention.k.weight	row_l1	12612264	13398696	384	512	183.43344223990744
decoder.block.1.layer.0.SelfAttention.o.weight	row_l1	13398696	14185128	512	384	756.33071115034147
decoder.block.1.layer.0.SelfAttention.q.weight	row_l1	14185128	14971560	384	512	33.746393496783746
decoder.block.1.layer.0.SelfAttention.v.weight	row_l1	14971560	15757992	384	512	223.69938903195543
decoder.block.1.layer.0.layer_norm.weight	maxabs	15757992	15760040	1	512	0.18085363507270816
decoder.block.1.layer.1.EncDecAttention.k.weight	row_l1	15760040	16546472	384	512	226.29085426522778
decoder.block.1.layer.1.EncDecAttention.o.weight	row_l1	16546472	17332904	512	384	770.35168605161402
decoder.block.1.layer.1.EncDecAttention.q.weight	row_l1	17332904	18119336	384	512	31.479134966395552
decoder.block.1.layer.1.EncDecAttention.v.weight	row_l1	18119336	18905768	384	512	191.40194455709934
decoder.block.1.layer.1.layer_norm.weight	maxabs	18905768	18907816	1	512	0.33028322458267217
decoder.block.1.layer.2.DenseReluDense.wi_0.weight	row_l1	18907816	21004968	1024	512	308.49704863941889
decoder.block.1.layer.2.DenseReluDense.wi_1.weight	row_l1	21004968	23102120	1024	512	404.50189255075509
decoder.block.1.layer.2.DenseReluDense.wo.weight	row_l1	23102120	25199272	512	1024	1601.405671242574
decoder.block.1.layer.2.layer_norm.weight	maxabs	25199272	25201320	1	512	0.26423078775405889
decoder.block.2.layer.0.SelfAttention.k.weight	row_l1	25201320	25987752	384	512	164.77954407660067
decoder.block.2.layer.0.SelfAttention.o.weight	row_l1	25987752	26774184	512	384	1013.8490480417819
decoder.block.2.layer.0.SelfAttention.q.weight	row_l1	26774184	27560616	384	512	18.688883258012694
decoder.block.2.layer.0.SelfAttention.v.weight	row_l1	27560616	28347048	384	512	251.550541711287
decoder.block.2.layer.0.layer_norm.weight	maxabs	28347048	28349096	1	512	0.53886532783508312
decoder.block.2.layer.1.EncDecAttention.k.weight	row_l1	28349096	29135528	384	512	197.38516766509235
decoder.block.2.layer.1.EncDecAttention.o.weight	row_l1	29135528	29921960	512	384	948.56305193905121
decoder.block.2.layer.1.EncDecAttention.q.weight	row_l1	29921960	30708392	384	512	34.216014623643922
decoder.block.2.layer.1.EncDecAttention.v.weight	row_l1	30708392	31494824	384	512	289.86902718736582
decoder.block.2.layer.1.layer_norm.weight	maxabs	31494824	31496872	1	512	0.39713010191917425
decoder.block.2.layer.2.DenseReluDense.wi_0.weight	row_l1	31496872	33594024	1024	512	297.25862938568991
decoder.block.2.layer.2.DenseReluDense.wi_1.weight	row_l1	33594024	35691176	1024	512	593.50705590469192
decoder.block.2.layer.2.DenseReluDense.wo.weight	row_l1	35691176	37788328	512	1024	2611.2415557357663
decoder.block.2.layer.2.layer_norm.weight	maxabs	37788328	37790376	1	512	0.29368185997009283
decoder.block.3.layer.0.SelfAttention.k.weight	row_l1	37790376	38576808	384	512	149.59945560387257
decoder.block.3.layer.0.SelfAttention.o.weight	row_l1	38576808	39363240	512	384	1513.1726877187095
decoder.block.3.layer.0.SelfAttention.q.weight	row_l1	39363240	40149672	384	512	20.883901500086093
decoder.block.3.layer.0.SelfAttention.v.weight	row_l1	40149672	40936104	384	512	419.48014095767053
decoder.block.3.layer.0.layer_norm.weight	maxabs	40936104	40938152	1	512	0.40750712156295782
decoder.block.3.layer.1.EncDecAttention.k.weight	row_l1	40938152	41724584	384	512	241.58484612825771
decoder.block.3.layer.1.EncDecAttention.o.weight	row_l1	41724584	42511016	512	384	1098.4768210314685
decoder.block.3.layer.1.EncDecAttention.q.weight	row_l1	42511016	43297448	384	512	30.470119962150338
decoder.block.3.layer.1.EncDecAttention.v.weight	row_l1	43297448	44083880	384	512	321.09084769893173
decoder.block.3.layer.1.layer_norm.weight	maxabs	44083880	44085928	1	512	0.41506883502006536
decoder.block.3.layer.2.DenseReluDense.wi_0.weight	row_l1	44085928	46183080	1024	512	438.82462234425066
decoder.block.3.layer.2.DenseReluDense.wi_1.weight	row_l1	46183080	48280232	1024	512	564.66976387324701
decoder.block.3.layer.2.DenseReluDense.wo.weight	row_l1	48280232	50377384	512	1024	2615.6667259189485
decoder.block.3.layer.2.layer_norm.weight	maxabs	50377384	50379432	1	512	0.53605198860168468
decoder.block.4.layer.0.SelfAttention.k.weight	row_l1	50379432	51165864	384	512	212.48820090784039
decoder.block.4.layer.0.SelfAttention.o.weight	row_l1	51165864	51952296	512	384	1866.2880165261083
decoder.block.4.layer.0.SelfAttention.q.weight	row_l1	51952296	52738728	384	512	29.695336130540326
decoder.block.4.layer.0.SelfAttention.v.weight	row_l1	52738728	53525160	384	512	402.11636865280997
decoder.block.4.layer.0.layer_norm.weight	maxabs	53525160	53527208	1	512	0.47174951434135443
decoder.block.4.layer.1.EncDecAttention.k.weight	row_l1	53527208	54313640	384	512	352.36680422550677
decoder.block.4.layer.1.EncDecAttention.o.weight	row_l1	54313640	55100072	512	384	1062.2265391545825
decoder.block.4.layer.1.EncDecAttention.q.weight	row_l1	55100072	55886504	384	512	35.332022915188844
decoder.block.4.layer.1.EncDecAttention.v.weight	row_l1	55886504	56672936	384	512	372.34551755306103
decoder.block.4.layer.1.layer_norm.weight	maxabs	56672936	56674984	1	512	0.4725260734558106
decoder.block.4.layer.2.DenseReluDense.wi_0.weight	row_l1	56674984	58772136	1024	512	281.06370421314352
decoder.block.4.layer.2.DenseReluDense.wi_1.weight	row_l1	58772136	60869288	1024	512	732.28216956560016
decoder.block.4.layer.2.DenseReluDense.wo.weight	row_l1	60869288	62966440	512	1024	2726.7730998150851
decoder.block.4.layer.2.layer_norm.weight	maxabs	62966440	62968488	1	512	0.40718650817871099
decoder.block.5.layer.0.SelfAttention.k.weight	row_l1	62968488	63754920	384	512	173.14568799851517
decoder.block.5.layer.0.SelfAttention.o.weight	row_l1	63754920	64541352	512	384	1969.2412603395901
decoder.block.5.layer.0.SelfAttention.q.weight	row_l1	64541352	65327784	384	512	20.289132871673495
decoder.block.5.layer.0.SelfAttention.v.weight	row_l1	65327784	66114216	384	512	500.69577933385096
decoder.block.5.layer.0.layer_norm.weight	maxabs	66114216	66116264	1	512	1.1774578094482424
decoder.block.5.layer.1.EncDecAttention.k.weight	row_l1	66116264	66902696	384	512	244.04191620480859
decoder.block.5.layer.1.EncDecAttention.o.weight	row_l1	66902696	67689128	512	384	1725.7736793692031
decoder.block.5.layer.1.EncDecAttention.q.weight	row_l1	67689128	68475560	384	512	29.781327586826471
decoder.block.5.layer.1.EncDecAttention.v.weight	row_l1	68475560	69261992	384	512	521.0607379968576
decoder.block.5.layer.1.layer_norm.weight	maxabs	69261992	69264040	1	512	0.58058816194534313
decoder.block.5.layer.2.DenseReluDense.wi_0.weight	row_l1	69264040	71361192	1024	512	257.58242600505781
decoder.block.5.layer.2.DenseReluDense.wi_1.weight	row_l1	71361192	73458344	1024	512	752.20951030687058
decoder.block.5.layer.2.DenseReluDense.wo.weight	row_l1	73458344	75555496	512	1024	2335.6052992747032
decoder.block.5.layer.2.layer_norm.weight	maxabs	75555496	75557544	1	512	0.4402794241905213
decoder.block.6.layer.0.SelfAttention.k.weight	row_l1	75557544	76343976	384	512	144.54633096094136
decoder.block.6.layer.0.SelfAttention.o.weight	row_l1	76343976	77130408	512	384	2726.7377873213268
decoder.block.6.layer.0.SelfAttention.q.weight	row_l1	77130408	77916840	384	512	17.173784128358491
decoder.block.6.layer.0.SelfAttention.v.weight	row_l1	77916840	78703272	384	512	568.7680353387583
decoder.block.6.layer.0.layer_norm.weight	maxabs	78703272	78705320	1	512	1.0513972043991091
decoder.block.6.layer.1.EncDecAttention.k.weight	row_l1	78705320	79491752	384	512	225.20979990229361
decoder.block.6.layer.1.EncDecAttention.o.weight	row_l1	79491752	80278184	512	384	2029.6983935847816
decoder.block.6.layer.1.EncDecAttention.q.weight	row_l1	80278184	81064616	384	512	32.311285716818951
decoder.block.6.layer.1.EncDecAttention.v.weight	row_l1	81064616	81851048	384	512	566.19647787630993
decoder.block.6.layer.1.layer_norm.weight	maxabs	81851048	81853096	1	512	0.41155961155891424
decoder.block.6.layer.2.DenseReluDense.wi_0.weight	row_l1	81853096	83950248	1024	512	262.29722635088586
decoder.block.6.layer.2.DenseReluDense.wi_1.weight	row_l1	83950248	86047400	1024	512	1073.1896554749139
decoder.block.6.layer.2.DenseReluDense.wo.weight	row_l1	86047400	88144552	512	1024	2493.504983412502
decoder.block.6.layer.2.layer_norm.weight	maxabs	88144552	88146600	1	512	0.66715443134307872
decoder.block.7.layer.0.SelfAttention.k.weight	row_l1	88146600	88933032	384	512	205.59854778753368
decoder.block.7.layer.0.SelfAttention.o.weight	row_l1	88933032	89719464	512	384	1701.3146013674123
decoder.block.7.layer.0.SelfAttention.q.weight	row_l1	89719464	90505896	384	512	19.459158183214839
decoder.block.7.layer.0.SelfAttention.v.weight	row_l1	90505896	91292328	384	512	531.9466736382177
decoder.block.7.layer.0.layer_norm.weight	maxabs	91292328	91294376	1	512	1.3761539459228518
decoder.block.7.layer.1.EncDecAttention.k.weight	row_l1	91294376	92080808	384	512	278.95903099306588
decoder.block.7.layer.1.EncDecAttention.o.weight	row_l1	92080808	92867240	512	384	2120.341488443406
decoder.block.7.layer.1.EncDecAttention.q.weight	row_l1	92867240	93653672	384	512	41.354275423526445
decoder.block.7.layer.1.EncDecAttention.v.weight	row_l1	93653672	94440104	384	512	803.76109967059381
decoder.block.7.layer.1.layer_norm.weight	maxabs	94440104	94442152	1	512	0.3404329121112824
decoder.block.7.layer.2.DenseReluDense.wi_0.weight	row_l1	94442152	96539304	1024	512	299.83885092057136
decoder.block.7.layer.2.DenseReluDense.wi_1.weight	row_l1	96539304	98636456	1024	512	3384.4349096527621
decoder.block.7.layer.2.DenseReluDense.wo.weight	row_l1	98636456	100733608	512	1024	5221.6634450828551
decoder.block.7.layer.2.layer_norm.weight	maxabs	100733608	100735656	1	512	0.70826262235641491
decoder.final_layer_norm.weight	maxabs	100735656	100737704	1	512	8.0431346893310565
encoder.block.0.layer.0.SelfAttention.k.weight	row_l1	100737704	101524136	384	512	349.48913828855973
encoder.block.0.layer.0.SelfAttention.o.weight	row_l1	101524136	102310568	512	384	648.89609268194044
encoder.block.0.layer.0.SelfAttention.q.weight	row_l1	102310568	103097000	384	512	44.154628641760397
encoder.block.0.layer.0.SelfAttention.v.weight	row_l1	103097768	103884200	384	512	186.63640102445396
encoder.block.0.layer.0.layer_norm.weight	maxabs	103884200	103886248	1	512	0.1442140340805054
encoder.block.0.layer.1.DenseReluDense.wi_0.weight	row_l1	103886248	105983400	1024	512	335.241035047472
encoder.block.0.layer.1.DenseReluDense.wi_1.weight	row_l1	105983400	108080552	1024	512	315.77225982888541
encoder.block.0.layer.1.DenseReluDense.wo.weight	row_l1	108080552	110177704	512	1024	1241.3339824598766
encoder.block.0.layer.1.layer_norm.weight	maxabs	110177704	110179752	1	512	0.18774874508380893
encoder.block.1.layer.0.SelfAttention.k.weight	row_l1	110179752	110966184	384	512	249.44920665888606
encoder.block.1.layer.0.SelfAttention.o.weight	row_l1	110966184	111752616	512	384	889.49762988606551
encoder.block.1.layer.0.SelfAttention.q.weight	row_l1	111752616	112539048	384	512	30.835611190648642
encoder.block.1.layer.0.SelfAttention.v.weight	row_l1	112539048	113325480	384	512	222.20688388014779
encoder.block.1.layer.0.layer_norm.weight	maxabs	113325480	113327528	1	512	0.17165565490722659
encoder.block.1.layer.1.DenseReluDense.wi_0.weight	row_l1	113327528	115424680	1024	512	419.5743637504732
encoder.block.1.layer.1.DenseReluDense.wi_1.weight	row_l1	115424680	117521832	1024	512	438.26010666420501
encoder.block.1.layer.1.DenseReluDense.wo.weight	row_l1	117521832	119618984	512	1024	1045.6298322952962
encoder.block.1.layer.1.layer_norm.weight	maxabs	119618984	119621032	1	512	0.35102805495262152
encoder.block.2.layer.0.SelfAttention.k.weight	row_l1	119621032	120407464	384	512	216.41371141707128
encoder.block.2.layer.0.SelfAttention.o.weight	row_l1	120407464	121193896	512	384	661.52113948765248
encoder.block.2.layer.0.SelfAttention.q.weight	row_l1	121193896	121980328	384	512	26.308419918468324
encoder.block.2.layer.0.SelfAttention.v.weight	row_l1	121980328	122766760	384	512	282.35906345724806
encoder.block.2.layer.0.layer_norm.weight	maxabs	122766760	122768808	1	512	0.17650224268436435
encoder.block.2.layer.1.DenseReluDense.wi_0.weight	row_l1	122768808	124865960	1024	512	590.52810824246717
encoder.block.2.layer.1.DenseReluDense.wi_1.weight	row_l1	124865960	126963112	1024	512	562.1775223287143
encoder.block.2.layer.1.DenseReluDense.wo.weight	row_l1	126963112	129060264	512	1024	1306.0683123426602
encoder.block.2.layer.1.layer_norm.weight	maxabs	129060264	129062312	1	512	0.65501904487609874
encoder.block.3.layer.0.SelfAttention.k.weight	row_l1	129062312	129848744	384	512	191.43855632539999
encoder.block.3.layer.0.SelfAttention.o.weight	row_l1	129848744	130635176	512	384	647.30472684619463
encoder.block.3.layer.0.SelfAttention.q.weight	row_l1	130635176	131421608	384	512	22.07137807170637
encoder.block.3.layer.0.SelfAttention.v.weight	row_l1	131421608	132208040	384	512	270.29243565783048
encoder.block.3.layer.0.layer_norm.weight	maxabs	132208040	132210088	1	512	0.20979714393615725
encoder.block.3.layer.1.DenseReluDense.wi_0.weight	row_l1	132210088	134307240	1024	512	280.21667969787228
encoder.block.3.layer.1.DenseReluDense.wi_1.weight	row_l1	134307240	136404392	1024	512	617.5052416227179
encoder.block.3.layer.1.DenseReluDense.wo.weight	row_l1	136404392	138501544	512	1024	1164.1345897634908
encoder.block.3.layer.1.layer_norm.weight	maxabs	138501544	138503592	1	512	0.22245737910270694
encoder.block.4.layer.0.SelfAttention.k.weight	row_l1	138503592	139290024	384	512	154.66022495064834
encoder.block.4.layer.0.SelfAttention.o.weight	row_l1	139290024	140076456	512	384	933.62001632483941
encoder.block.4.layer.0.SelfAttention.q.weight	row_l1	140076456	140862888	384	512	18.446168752475529
encoder.block.4.layer.0.SelfAttention.v.weight	row_l1	140862888	141649320	384	512	342.62427816134505
encoder.block.4.layer.0.layer_norm.weight	maxabs	141649320	141651368	1	512	0.22552686929702762
encoder.block.4.layer.1.DenseReluDense.wi_0.weight	row_l1	141651368	143748520	1024	512	303.00041917585168
encoder.block.4.layer.1.DenseReluDense.wi_1.weight	row_l1	143748520	145845672	1024	512	691.35670413558125
encoder.block.4.layer.1.DenseReluDense.wo.weight	row_l1	145845672	147942824	512	1024	1347.2065669799129
encoder.block.4.layer.1.layer_norm.weight	maxabs	147942824	147944872	1	512	0.24338664114475253
encoder.block.5.layer.0.SelfAttention.k.weight	row_l1	147944872	148731304	384	512	174.26488231257366
encoder.block.5.layer.0.SelfAttention.o.weight	row_l1	148731304	149517736	512	384	989.05357558656988
encoder.block.5.layer.0.SelfAttention.q.weight	row_l1	149517736	150304168	384	512	21.251849517358398
encoder.block.5.layer.0.SelfAttention.v.weight	row_l1	150304168	151090600	384	512	396.28268361745796
encoder.block.5.layer.0.layer_norm.weight	maxabs	151090600	151092648	1	512	0.21417616307735446
encoder.block.5.layer.1.DenseReluDense.wi_0.weight	row_l1	151092648	153189800	1024	512	279.42365568086234
encoder.block.5.layer.1.DenseReluDense.wi_1.weight	row_l1	153189800	155286952	1024	512	803.06069794068969
encoder.block.5.layer.1.DenseReluDense.wo.weight	row_l1	155286952	157384104	512	1024	1313.0310052986356
encoder.block.5.layer.1.layer_norm.weight	maxabs	157384104	157386152	1	512	0.22199520468711856
encoder.block.6.layer.0.SelfAttention.k.weight	row_l1	157386152	158172584	384	512	145.213975777625
encoder.block.6.layer.0.SelfAttention.o.weight	row_l1	158172584	158959016	512	384	1039.8982244255467
encoder.block.6.layer.0.SelfAttention.q.weight	row_l1	158959016	159745448	384	512	16.439326002576337
encoder.block.6.layer.0.SelfAttention.v.weight	row_l1	159745448	160531880	384	512	395.49603011903741
encoder.block.6.layer.0.layer_norm.weight	maxabs	160531880	160533928	1	512	0.21914720535278323
encoder.block.6.layer.1.DenseReluDense.wi_0.weight	row_l1	160533928	162631080	1024	512	268.21951874440202
encoder.block.6.layer.1.DenseReluDense.wi_1.weight	row_l1	162631080	164728232	1024	512	1104.4292278837577
encoder.block.6.layer.1.DenseReluDense.wo.weight	row_l1	164728232	166825384	512	1024	1299.9153877148954
encoder.block.6.layer.1.layer_norm.weight	maxabs	166825384	166827432	1	512	0.59707349538803112
encoder.block.7.layer.0.SelfAttention.k.weight	row_l1	166827432	167613864	384	512	124.23010773515105
encoder.block.7.layer.0.SelfAttention.o.weight	row_l1	167613864	168400296	512	384	1243.3454329367328
encoder.block.7.layer.0.SelfAttention.q.weight	row_l1	168400296	169186728	384	512	15.605914444745373
encoder.block.7.layer.0.SelfAttention.v.weight	row_l1	169186728	169973160	384	512	402.8167062909572
encoder.block.7.layer.0.layer_norm.weight	maxabs	169973160	169975208	1	512	0.25374466180801397
encoder.block.7.layer.1.DenseReluDense.wi_0.weight	row_l1	169975208	172072360	1024	512	244.71047285695323
encoder.block.7.layer.1.DenseReluDense.wi_1.weight	row_l1	172072360	174169512	1024	512	1059.072477953569
encoder.block.7.layer.1.DenseReluDense.wo.weight	row_l1	174169512	176266664	512	1024	1441.625035753405
encoder.block.7.layer.1.layer_norm.weight	maxabs	176266664	176268712	1	512	0.97909820079803478
encoder.final_layer_norm.weight	maxabs	176268712	176270760	1	512	0.24445545673370364
lm_head.weight	row_l1	176270760	242068904	32128	512	847.87593851057056
shared.weight	maxabs	242068904	307867048	32128	512	175.00000000000003
