name	dtype	begin	end	elements	crc32	refs
decoder.block.0.layer.0.SelfAttention.k.weight	F32	22440	808872	196608	dbf4ea25	1
decoder.block.0.layer.0.SelfAttention.o.weight	F32	808872	1595304	196608	5c18bbdd	1
decoder.block.0.layer.0.SelfAttention.q.weight	F32	1595304	2381736	196608	63af284b	1
decoder.block.0.layer.0.SelfAttention.relative_attention_bias.weight	F32	2381736	2382504	192	95028e4a	0
decoder.block.0.layer.0.SelfAttention.v.weight	F32	2382504	3168936	196608	280a68aa	1
decoder.block.0.layer.0.layer_norm.weight	F32	3168936	3170984	512	a93e1836	1
decoder.block.0.layer.1.EncDecAttention.k.weight	F32	3170984	3957416	196608	e6d21538	1
decoder.block.0.layer.1.EncDecAttention.o.weight	F32	3957416	4743848	196608	42b20f43	1
decoder.block.0.layer.1.EncDecAttention.q.weight	F32	4743848	5530280	196608	8827de98	1
decoder.block.0.layer.1.EncDecAttention.v.weight	F32	5530280	6316712	196608	2c57efff	1
decoder.block.0.layer.1.layer_norm.weight	F32	6316712	6318760	512	85f22d12	1
decoder.block.0.layer.2.DenseReluDense.wi_0.weight	F32	6318760	8415912	524288	b6582ed1	1
decoder.block.0.layer.2.DenseReluDense.wi_1.weight	F32	8415912	10513064	524288	c64d3bba	1
decoder.block.0.layer.2.DenseReluDense.wo.weight	F32	10513064	12610216	524288	d3193998	1
decoder.block.0.layer.2.layer_norm.weight	F32	12610216	12612264	512	296333b5	1
decoder.block.1.layer.0.SelfAttention.k.weight	F32	12612264	13398696	196608	546c99d0	1
decoder.block.1.layer.0.SelfAttention.o.weight	F32	13398696	14185128	196608	dbca5859	1
decoder.block.1.layer.0.SelfAttention.q.weight	F32	14185128	14971560	196608	df778056	1
decoder.block.1.layer.0.SelfAttention.v.weight	F32	14971560	15757992	196608	427a56cd	1
decoder.block.1.layer.0.layer_norm.weight	F32	15757992	15760040	512	33e64eea	1
decoder.block.1.layer.1.EncDecAttention.k.weight	F32	15760040	16546472	196608	754da84d	1
decoder.block.1.layer.1.EncDecAttention.o.weight	F32	16546472	17332904	196608	3985659f	1
decoder.block.1.layer.1.EncDecAttention.q.weight	F32	17332904	18119336	196608	48cd2dca	1
decoder.block.1.layer.1.EncDecAttention.v.weight	F32	18119336	18905768	196608	0477093e	1
decoder.block.1.layer.1.layer_norm.weight	F32	18905768	18907816	512	311a033f	1
decoder.block.1.layer.2.DenseReluDense.wi_0.weight	F32	18907816	21004968	524288	39a7c5ba	1
decoder.block.1.layer.2.DenseReluDense.wi_1.weight	F32	21004968	23102120	524288	055857c9	1
decoder.block.1.layer.2.DenseReluDense.wo.weight	F32	23102120	25199272	524288	d53627dd	1
decoder.block.1.layer.2.layer_norm.weight	F32	25199272	25201320	512	af06c0a9	1
decoder.block.2.layer.0.SelfAttention.k.weight	F32	25201320	25987752	196608	4a09f8ec	1
decoder.block.2.layer.0.SelfAttention.o.weight	F32	25987752	26774184	196608	7ef0daac	1
decoder.block.2.layer.0.SelfAttention.q.weight	F32	26774184	27560616	196608	91e1cffa	1
decoder.block.2.layer.0.SelfAttention.v.weight	F32	27560616	28347048	196608	02a4a448	1
decoder.block.2.layer.0.layer_norm.weight	F32	28347048	28349096	512	eb6144fd	1
decoder.block.2.layer.1.EncDecAttention.k.weight	F32	28349096	29135528	196608	9a431040	1
decoder.block.2.layer.1.EncDecAttention.o.weight	F32	29135528	29921960	196608	1c0b3002	1
decoder.block.2.layer.1.EncDecAttention.q.weight	F32	29921960	30708392	196608	bba487a2	1
decoder.block.2.layer.1.EncDecAttention.v.weight	F32	30708392	31494824	196608	35243476	1
decoder.block.2.layer.1.layer_norm.weight	F32	31494824	31496872	512	8f887bcc	1
decoder.block.2.layer.2.DenseReluDense.wi_0.weight	F32	31496872	33594024	524288	43906a98	1
decoder.block.2.layer.2.DenseReluDense.wi_1.weight	F32	33594024	35691176	524288	a724a8b1	1
decoder.block.2.layer.2.DenseReluDense.wo.weight	F32	35691176	37788328	524288	dd26020d	1
decoder.block.2.layer.2.layer_norm.weight	F32	37788328	37790376	512	a0bb74f0	1
decoder.block.3.layer.0.SelfAttention.k.weight	F32	37790376	38576808	196608	aef36166	1
decoder.block.3.layer.0.SelfAttention.o.weight	F32	38576808	39363240	196608	67a093e7	1
decoder.block.3.layer.0.SelfAttention.q.weight	F32	39363240	40149672	196608	b8601e8a	1
decoder.block.3.layer.0.SelfAttention.v.weight	F32	40149672	40936104	196608	68de8fc7	1
decoder.block.3.layer.0.layer_norm.weight	F32	40936104	40938152	512	69b5c29d	1
decoder.block.3.layer.1.EncDecAttention.k.weight	F32	40938152	41724584	196608	739d169e	1
decoder.block.3.layer.1.EncDecAttention.o.weight	F32	41724584	42511016	196608	6bf68a29	1
decoder.block.3.layer.1.EncDecAttention.q.weight	F32	42511016	43297448	196608	0ab39c46	1
decoder.block.3.layer.1.EncDecAttention.v.weight	F32	43297448	44083880	196608	fb457e9e	1
decoder.block.3.layer.1.layer_norm.weight	F32	44083880	44085928	512	7c5579e0	1
decoder.block.3.layer.2.DenseReluDense.wi_0.weight	F32	44085928	46183080	524288	357dd16b	1
decoder.block.3.layer.2.DenseReluDense.wi_1.weight	F32	46183080	48280232	524288	312a2199	1
decoder.block.3.layer.2.DenseReluDense.wo.weight	F32	48280232	50377384	524288	83812ac7	1
decoder.block.3.layer.2.layer_norm.weight	F32	50377384	50379432	512	6da47b39	1
decoder.block.4.layer.0.SelfAttention.k.weight	F32	50379432	51165864	196608	f1e0b254	1
decoder.block.4.layer.0.SelfAttention.o.weight	F32	51165864	51952296	196608	82e470e5	1
decoder.block.4.layer.0.SelfAttention.q.weight	F32	51952296	52738728	196608	e0ace077	1
decoder.block.4.layer.0.SelfAttention.v.weight	F32	52738728	53525160	196608	39d8e1f8	1
decoder.block.4.layer.0.layer_norm.weight	F32	53525160	53527208	512	97858d72	1
decoder.block.4.layer.1.EncDecAttention.k.weight	F32	53527208	54313640	196608	8ffadbf3	1
decoder.block.4.layer.1.EncDecAttention.o.weight	F32	54313640	55100072	196608	73ce21d2	1
decoder.block.4.layer.1.EncDecAttention.q.weight	F32	55100072	55886504	196608	8998f813	1
decoder.block.4.layer.1.EncDecAttention.v.weight	F32	55886504	56672936	196608	43f7a9d4	1
decoder.block.4.layer.1.layer_norm.weight	F32	56672936	56674984	512	fc55e51b	1
decoder.block.4.layer.2.DenseReluDense.wi_0.weight	F32	56674984	58772136	524288	f262bb91	1
decoder.block.4.layer.2.DenseReluDense.wi_1.weight	F32	58772136	60869288	524288	05ebc7b5	1
decoder.block.4.layer.2.DenseReluDense.wo.weight	F32	60869288	62966440	524288	4e175a2d	1
decoder.block.4.layer.2.layer_norm.weight	F32	62966440	62968488	512	3be57cbc	1
decoder.block.5.layer.0.SelfAttention.k.weight	F32	62968488	63754920	196608	6200b8ab	1
decoder.block.5.layer.0.SelfAttention.o.weight	F32	63754920	64541352	196608	0fc847dd	1
decoder.block.5.layer.0.SelfAttention.q.weight	F32	64541352	65327784	196608	715124ba	1
decoder.block.5.layer.0.SelfAttention.v.weight	F32	65327784	66114216	196608	5f0a8d82	1
decoder.block.5.layer.0.layer_norm.weight	F32	66114216	66116264	512	00b6f6ec	1
decoder.block.5.layer.1.EncDecAttention.k.weight	F32	66116264	66902696	196608	e9f16c3e	1
decoder.block.5.layer.1.EncDecAttention.o.weight	F32	66902696	67689128	196608	f0b844db	1
decoder.block.5.layer.1.EncDecAttention.q.weight	F32	67689128	68475560	196608	a3130a73	1
decoder.block.5.layer.1.EncDecAttention.v.weight	F32	68475560	69261992	196608	b1ec9356	1
decoder.block.5.layer.1.layer_norm.weight	F32	69261992	69264040	512	711de734	1
decoder.block.5.layer.2.DenseReluDense.wi_0.weight	F32	69264040	71361192	524288	d0ea2169	1
decoder.block.5.layer.2.DenseReluDense.wi_1.weight	F32	71361192	73458344	524288	6b18bd1b	1
decoder.block.5.layer.2.DenseReluDense.wo.weight	F32	73458344	75555496	524288	cb0b7259	1
decoder.block.5.layer.2.layer_norm.weight	F32	75555496	75557544	512	f002a104	1
decoder.block.6.layer.0.SelfAttention.k.weight	F32	75557544	76343976	196608	90a6bdf1	1
decoder.block.6.layer.0.SelfAttention.o.weight	F32	76343976	77130408	196608	d397751e	1
decoder.block.6.layer.0.SelfAttention.q.weight	F32	77130408	77916840	196608	4b3f249f	1
decoder.block.6.layer.0.SelfAttention.v.weight	F32	77916840	78703272	196608	c073d60a	1
decoder.block.6.layer.0.layer_norm.weight	F32	78703272	78705320	512	be40d080	1
decoder.block.6.layer.1.EncDecAttention.k.weight	F32	78705320	79491752	196608	88fe575d	1
decoder.block.6.layer.1.EncDecAttention.o.weight	F32	79491752	80278184	196608	a94cf302	1
decoder.block.6.layer.1.EncDecAttention.q.weight	F32	80278184	81064616	196608	03a7fca7	1
decoder.block.6.layer.1.EncDecAttention.v.weight	F32	81064616	81851048	196608	72fc6143	1
decoder.block.6.layer.1.layer_norm.weight	F32	81851048	81853096	512	0b0659c7	1
decoder.block.6.layer.2.DenseReluDense.wi_0.weight	F32	81853096	83950248	524288	00631e4c	1
decoder.block.6.layer.2.DenseReluDense.wi_1.weight	F32	83950248	86047400	524288	335bfdb6	1
decoder.block.6.layer.2.DenseReluDense.wo.weight	F32	86047400	88144552	524288	4984182e	1
decoder.block.6.layer.2.layer_norm.weight	F32	88144552	88146600	512	ce115c1d	1
decoder.block.7.layer.0.SelfAttention.k.weight	F32	88146600	88933032	196608	8ea31115	1
decoder.block.7.layer.0.SelfAttention.o.weight	F32	88933032	89719464	196608	3b6b6796	1
decoder.block.7.layer.0.SelfAttention.q.weight	F32	89719464	90505896	196608	8d63461c	1
decoder.block.7.layer.0.SelfAttention.v.weight	F32	90505896	91292328	196608	a4e7d856	1
decoder.block.7.layer.0.layer_norm.weight	F32	91292328	91294376	512	b294b450	1
decoder.block.7.layer.1.EncDecAttention.k.weight	F32	91294376	92080808	196608	378a2e31	1
decoder.block.7.layer.1.EncDecAttention.o.weight	F32	92080808	92867240	196608	a1d90b73	1
decoder.block.7.layer.1.EncDecAttention.q.weight	F32	92867240	93653672	196608	cad43f44	1
decoder.block.7.layer.1.EncDecAttention.v.weight	F32	93653672	94440104	196608	aef72671	1
decoder.block.7.layer.1.layer_norm.weight	F32	94440104	94442152	512	b18e52d7	1
decoder.block.7.layer.2.DenseReluDense.wi_0.weight	F32	94442152	96539304	524288	c9e4645e	1
decoder.block.7.layer.2.DenseReluDense.wi_1.weight	F32	96539304	98636456	524288	ea2aa5ed	1
decoder.block.7.layer.2.DenseReluDense.wo.weight	F32	98636456	100733608	524288	f68f6c55	1
decoder.block.7.layer.2.layer_norm.weight	F32	100733608	100735656	512	2cde6a92	1
decoder.final_layer_norm.weight	F32	100735656	100737704	512	077a0bfe	1
encoder.block.0.layer.0.SelfAttention.k.weight	F32	100737704	101524136	196608	e13a8c3a	1
encoder.block.0.layer.0.SelfAttention.o.weight	F32	101524136	102310568	196608	a7f636a7	1
encoder.block.0.layer.0.SelfAttention.q.weight	F32	102310568	103097000	196608	d5f29f56	1
encoder.block.0.layer.0.SelfAttention.relative_attention_bias.weight	F32	103097000	103097768	192	44a3714b	0
encoder.block.0.layer.0.SelfAttention.v.weight	F32	103097768	103884200	196608	9961ce7d	1
encoder.block.0.layer.0.layer_norm.weight	F32	103884200	103886248	512	ece4c64a	1
encoder.block.0.layer.1.DenseReluDense.wi_0.weight	F32	103886248	105983400	524288	425cf928	1
encoder.block.0.layer.1.DenseReluDense.wi_1.weight	F32	105983400	108080552	524288	78d6423d	1
encoder.block.0.layer.1.DenseReluDense.wo.weight	F32	108080552	110177704	524288	e696c574	1
encoder.block.0.layer.1.layer_norm.weight	F32	110177704	110179752	512	639d2d02	1
encoder.block.1.layer.0.SelfAttention.k.weight	F32	110179752	110966184	196608	b0776832	1
encoder.block.1.layer.0.SelfAttention.o.weight	F32	110966184	111752616	196608	9d0a3751	1
encoder.block.1.layer.0.SelfAttention.q.weight	F32	111752616	112539048	196608	8b99594d	1
encoder.block.1.layer.0.SelfAttention.v.weight	F32	112539048	113325480	196608	009ab09e	1
encoder.block.1.layer.0.layer_norm.weight	F32	113325480	113327528	512	7b3df3b1	1
encoder.block.1.layer.1.DenseReluDense.wi_0.weight	F32	113327528	115424680	524288	97b187b2	1
encoder.block.1.layer.1.DenseReluDense.wi_1.weight	F32	115424680	117521832	524288	a3ae0232	1
encoder.block.1.layer.1.DenseReluDense.wo.weight	F32	117521832	119618984	524288	efd544af	1
encoder.block.1.layer.1.layer_norm.weight	F32	119618984	119621032	512	587a2f9d	1
encoder.block.2.layer.0.SelfAttention.k.weight	F32	119621032	120407464	196608	2b084394	1
encoder.block.2.layer.0.SelfAttention.o.weight	F32	120407464	121193896	196608	7a68922f	1
encoder.block.2.layer.0.SelfAttention.q.weight	F32	121193896	121980328	196608	30ce39ca	1
encoder.block.2.layer.0.SelfAttention.v.weight	F32	121980328	122766760	196608	e895de61	1
encoder.block.2.layer.0.layer_norm.weight	F32	122766760	122768808	512	14a33690	1
encoder.block.2.layer.1.DenseReluDense.wi_0.weight	F32	122768808	124865960	524288	3752b218	1
encoder.block.2.layer.1.DenseReluDense.wi_1.weight	F32	124865960	126963112	524288	9009964d	1
encoder.block.2.layer.1.DenseReluDense.wo.weight	F32	126963112	129060264	524288	2251a77b	1
encoder.block.2.layer.1.layer_norm.weight	F32	129060264	129062312	512	08b592c1	1
encoder.block.3.layer.0.SelfAttention.k.weight	F32	129062312	129848744	196608	5375f531	1
encoder.block.3.layer.0.SelfAttention.o.weight	F32	129848744	130635176	196608	6fcd3879	1
encoder.block.3.layer.0.SelfAttention.q.weight	F32	130635176	131421608	196608	bc272ab2	1
encoder.block.3.layer.0.SelfAttention.v.weight	F32	131421608	132208040	196608	0f7e64f5	1
encoder.block.3.layer.0.layer_norm.weight	F32	132208040	132210088	512	43334a57	1
encoder.block.3.layer.1.DenseReluDense.wi_0.weight	F32	132210088	134307240	524288	72229b70	1
encoder.block.3.layer.1.DenseReluDense.wi_1.weight	F32	134307240	136404392	524288	2d6341c9	1
encoder.block.3.layer.1.DenseReluDense.wo.weight	F32	136404392	138501544	524288	ced64524	1
encoder.block.3.layer.1.layer_norm.weight	F32	138501544	138503592	512	0fd94150	1
encoder.block.4.layer.0.SelfAttention.k.weight	F32	138503592	139290024	196608	b988f841	1
encoder.block.4.layer.0.SelfAttention.o.weight	F32	139290024	140076456	196608	ef98df1e	1
encoder.block.4.layer.0.SelfAttention.q.weight	F32	140076456	140862888	196608	03db135f	1
encoder.block.4.layer.0.SelfAttention.v.weight	F32	140862888	141649320	196608	7f05fc7c	1
encoder.block.4.layer.0.layer_norm.weight	F32	141649320	141651368	512	02dc314f	1
encoder.block.4.layer.1.DenseReluDense.wi_0.weight	F32	141651368	143748520	524288	e349ae58	1
encoder.block.4.layer.1.DenseReluDense.wi_1.weight	F32	143748520	145845672	524288	823161bf	1
encoder.block.4.layer.1.DenseReluDense.wo.weight	F32	145845672	147942824	524288	8ddcf178	1
encoder.block.4.layer.1.layer_norm.weight	F32	147942824	147944872	512	821c4ac6	1
encoder.block.5.layer.0.SelfAttention.k.weight	F32	147944872	148731304	196608	727ec714	1
encoder.block.5.layer.0.SelfAttention.o.weight	F32	148731304	149517736	196608	20213ce2	1
encoder.block.5.layer.0.SelfAttention.q.weight	F32	149517736	150304168	196608	fc2ce8aa	1
encoder.block.5.layer.0.SelfAttention.v.weight	F32	150304168	151090600	196608	dc2ba5dc	1
encoder.block.5.layer.0.layer_norm.weight	F32	151090600	151092648	512	92c14ab8	1
encoder.block.5.layer.1.DenseReluDense.wi_0.weight	F32	151092648	153189800	524288	e899a0cc	1
encoder.block.5.layer.1.DenseReluDense.wi_1.weight	F32	153189800	155286952	524288	3d95aaa1	1
encoder.block.5.layer.1.DenseReluDense.wo.weight	F32	155286952	157384104	524288	6569163c	1
encoder.block.5.layer.1.layer_norm.weight	F32	157384104	157386152	512	01f08789	1
encoder.block.6.layer.0.SelfAttention.k.weight	F32	157386152	158172584	196608	c251a2b8	1
encoder.block.6.layer.0.SelfAttention.o.weight	F32	158172584	158959016	196608	ff401df8	1
encoder.block.6.layer.0.SelfAttention.q.weight	F32	158959016	159745448	196608	a8f0d50b	1
encoder.block.6.layer.0.SelfAttention.v.weight	F32	159745448	160531880	196608	f486c9f4	1
encoder.block.6.layer.0.layer_norm.weight	F32	160531880	160533928	512	a877bd00	1
encoder.block.6.layer.1.DenseReluDense.wi_0.weight	F32	160533928	162631080	524288	35e96070	1
encoder.block.6.layer.1.DenseReluDense.wi_1.weight	F32	162631080	164728232	524288	b4768675	1
encoder.block.6.layer.1.DenseReluDense.wo.weight	F32	164728232	166825384	524288	7c19b6cc	1
encoder.block.6.layer.1.layer_norm.weight	F32	166825384	166827432	512	faba0dd8	1
encoder.block.7.layer.0.SelfAttention.k.weight	F32	166827432	167613864	196608	8d0daacd	1
encoder.block.7.layer.0.SelfAttention.o.weight	F32	167613864	168400296	196608	ba3beddb	1
encoder.block.7.layer.0.SelfAttention.q.weight	F32	168400296	169186728	196608	e5ec7ea8	1
encoder.block.7.layer.0.SelfAttention.v.weight	F32	169186728	169973160	196608	8369265d	1
encoder.block.7.layer.0.layer_norm.weight	F32	169973160	169975208	512	949b668d	1
encoder.block.7.layer.1.DenseReluDense.wi_0.weight	F32	169975208	172072360	524288	c438b949	1
encoder.block.7.layer.1.DenseReluDense.wi_1.weight	F32	172072360	174169512	524288	458b00f3	1
encoder.block.7.layer.1.DenseReluDense.wo.weight	F32	174169512	176266664	524288	91ed1147	1
encoder.block.7.layer.1.layer_norm.weight	F32	176266664	176268712	512	17b2bb0a	1
encoder.final_layer_norm.weight	F32	176268712	176270760	512	7aa42534	1
lm_head.weight	F32	176270760	242068904	16449536	653204d7	1
shared.weight	F32	242068904	307867048	16449536	87e8fbda	2
