pc	macro_index	micro_opcode	rounding
0	0	TOKEN_BIND	exact_or_explicitly_pinned
1	1	TENSOR_GATHER	exact_or_explicitly_pinned
2	2	F32_SQUARE	binary32_roundTiesToEven_after_each_scalar_result
3	2	F32_REDUCE_SUM	binary32_roundTiesToEven_after_each_scalar_result
4	2	F32_MUL_CONST	binary32_roundTiesToEven_after_each_scalar_result
5	2	F32_ADD_CONST	binary32_roundTiesToEven_after_each_scalar_result
6	2	F32_RSQRT	binary32_roundTiesToEven_after_each_scalar_result
7	2	F32_MUL	binary32_roundTiesToEven_after_each_scalar_result
8	2	F32_MUL	binary32_roundTiesToEven_after_each_scalar_result
9	3	F32_MATMUL	binary32_roundTiesToEven_after_each_scalar_result
10	3	F32_MATMUL	binary32_roundTiesToEven_after_each_scalar_result
11	3	F32_MATMUL	binary32_roundTiesToEven_after_each_scalar_result
12	3	RESHAPE	exact_or_explicitly_pinned
13	3	TRANSPOSE	exact_or_explicitly_pinned
14	3	F32_MATMUL	binary32_roundTiesToEven_after_each_scalar_result
15	3	RELATIVE_BIAS	exact_or_explicitly_pinned
16	3	CAUSAL_MASK	exact_or_explicitly_pinned
17	3	F32_ADD	binary32_roundTiesToEven_after_each_scalar_result
18	3	F32_REDUCE_MAX	binary32_roundTiesToEven_after_each_scalar_result
19	3	F32_SUB	binary32_roundTiesToEven_after_each_scalar_result
20	3	F32_EXP	binary32_roundTiesToEven_after_each_scalar_result
21	3	F32_REDUCE_SUM	binary32_roundTiesToEven_after_each_scalar_result
22	3	F32_DIV	binary32_roundTiesToEven_after_each_scalar_result
23	3	F32_MATMUL	binary32_roundTiesToEven_after_each_scalar_result
24	3	RESHAPE	exact_or_explicitly_pinned
25	3	F32_MATMUL	binary32_roundTiesToEven_after_each_scalar_result
26	4	F32_ADD	binary32_roundTiesToEven_after_each_scalar_result
27	5	F32_SQUARE	binary32_roundTiesToEven_after_each_scalar_result
28	5	F32_REDUCE_SUM	binary32_roundTiesToEven_after_each_scalar_result
29	5	F32_MUL_CONST	binary32_roundTiesToEven_after_each_scalar_result
30	5	F32_ADD_CONST	binary32_roundTiesToEven_after_each_scalar_result
31	5	F32_RSQRT	binary32_roundTiesToEven_after_each_scalar_result
32	5	F32_MUL	binary32_roundTiesToEven_after_each_scalar_result
33	5	F32_MUL	binary32_roundTiesToEven_after_each_scalar_result
34	6	F32_MATMUL	binary32_roundTiesToEven_after_each_scalar_result
35	6	F32_MATMUL	binary32_roundTiesToEven_after_each_scalar_result
36	6	F32_MUL_CONST	binary32_roundTiesToEven_after_each_scalar_result
37	6	F32_CUBE	binary32_roundTiesToEven_after_each_scalar_result
38	6	F32_MUL_CONST	binary32_roundTiesToEven_after_each_scalar_result
39	6	F32_ADD	binary32_roundTiesToEven_after_each_scalar_result
40	6	F32_MUL_CONST	binary32_roundTiesToEven_after_each_scalar_result
41	6	F32_TANH	binary32_roundTiesToEven_after_each_scalar_result
42	6	F32_ADD_CONST	binary32_roundTiesToEven_after_each_scalar_result
43	6	F32_MUL	binary32_roundTiesToEven_after_each_scalar_result
44	6	F32_MUL	binary32_roundTiesToEven_after_each_scalar_result
45	6	F32_MATMUL	binary32_roundTiesToEven_after_each_scalar_result
46	7	F32_ADD	binary32_roundTiesToEven_after_each_scalar_result
47	8	F32_SQUARE	binary32_roundTiesToEven_after_each_scalar_result
48	8	F32_REDUCE_SUM	binary32_roundTiesToEven_after_each_scalar_result
49	8	F32_MUL_CONST	binary32_roundTiesToEven_after_each_scalar_result
50	8	F32_ADD_CONST	binary32_roundTiesToEven_after_each_scalar_result
51	8	F32_RSQRT	binary32_roundTiesToEven_after_each_scalar_result
52	8	F32_MUL	binary32_roundTiesToEven_after_each_scalar_result
53	8	F32_MUL	binary32_roundTiesToEven_after_each_scalar_result
54	9	F32_MATMUL	binary32_roundTiesToEven_after_each_scalar_result
55	9	F32_MATMUL	binary32_roundTiesToEven_after_each_scalar_result
56	9	F32_MATMUL	binary32_roundTiesToEven_after_each_scalar_result
57	9	RESHAPE	exact_or_explicitly_pinned
58	9	TRANSPOSE	exact_or_explicitly_pinned
59	9	F32_MATMUL	binary32_roundTiesToEven_after_each_scalar_result
60	9	RELATIVE_BIAS	exact_or_explicitly_pinned
61	9	CAUSAL_MASK	exact_or_explicitly_pinned
62	9	F32_ADD	binary32_roundTiesToEven_after_each_scalar_result
63	9	F32_REDUCE_MAX	binary32_roundTiesToEven_after_each_scalar_result
64	9	F32_SUB	binary32_roundTiesToEven_after_each_scalar_result
65	9	F32_EXP	binary32_roundTiesToEven_after_each_scalar_result
66	9	F32_REDUCE_SUM	binary32_roundTiesToEven_after_each_scalar_result
67	9	F32_DIV	binary32_roundTiesToEven_after_each_scalar_result
68	9	F32_MATMUL	binary32_roundTiesToEven_after_each_scalar_result
69	9	RESHAPE	exact_or_explicitly_pinned
70	9	F32_MATMUL	binary32_roundTiesToEven_after_each_scalar_result
71	10	F32_ADD	binary32_roundTiesToEven_after_each_scalar_result
72	11	F32_SQUARE	binary32_roundTiesToEven_after_each_scalar_result
73	11	F32_REDUCE_SUM	binary32_roundTiesToEven_after_each_scalar_result
74	11	F32_MUL_CONST	binary32_roundTiesToEven_after_each_scalar_result
75	11	F32_ADD_CONST	binary32_roundTiesToEven_after_each_scalar_result
76	11	F32_RSQRT	binary32_roundTiesToEven_after_each_scalar_result
77	11	F32_MUL	binary32_roundTiesToEven_after_each_scalar_result
78	11	F32_MUL	binary32_roundTiesToEven_after_each_scalar_result
79	12	F32_MATMUL	binary32_roundTiesToEven_after_each_scalar_result
80	12	F32_MATMUL	binary32_roundTiesToEven_after_each_scalar_result
81	12	F32_MUL_CONST	binary32_roundTiesToEven_after_each_scalar_result
82	12	F32_CUBE	binary32_roundTiesToEven_after_each_scalar_result
83	12	F32_MUL_CONST	binary32_roundTiesToEven_after_each_scalar_result
84	12	F32_ADD	binary32_roundTiesToEven_after_each_scalar_result
85	12	F32_MUL_CONST	binary32_roundTiesToEven_after_each_scalar_result
86	12	F32_TANH	binary32_roundTiesToEven_after_each_scalar_result
87	12	F32_ADD_CONST	binary32_roundTiesToEven_after_each_scalar_result
88	12	F32_MUL	binary32_roundTiesToEven_after_each_scalar_result
89	12	F32_MUL	binary32_roundTiesToEven_after_each_scalar_result
90	12	F32_MATMUL	binary32_roundTiesToEven_after_each_scalar_result
91	13	F32_ADD	binary32_roundTiesToEven_after_each_scalar_result
92	14	F32_SQUARE	binary32_roundTiesToEven_after_each_scalar_result
93	14	F32_REDUCE_SUM	binary32_roundTiesToEven_after_each_scalar_result
94	14	F32_MUL_CONST	binary32_roundTiesToEven_after_each_scalar_result
95	14	F32_ADD_CONST	binary32_roundTiesToEven_after_each_scalar_result
96	14	F32_RSQRT	binary32_roundTiesToEven_after_each_scalar_result
97	14	F32_MUL	binary32_roundTiesToEven_after_each_scalar_result
98	14	F32_MUL	binary32_roundTiesToEven_after_each_scalar_result
99	15	F32_MATMUL	binary32_roundTiesToEven_after_each_scalar_result
100	15	F32_MATMUL	binary32_roundTiesToEven_after_each_scalar_result
101	15	F32_MATMUL	binary32_roundTiesToEven_after_each_scalar_result
102	15	RESHAPE	exact_or_explicitly_pinned
103	15	TRANSPOSE	exact_or_explicitly_pinned
104	15	F32_MATMUL	binary32_roundTiesToEven_after_each_scalar_result
105	15	RELATIVE_BIAS	exact_or_explicitly_pinned
106	15	CAUSAL_MASK	exact_or_explicitly_pinned
107	15	F32_ADD	binary32_roundTiesToEven_after_each_scalar_result
108	15	F32_REDUCE_MAX	binary32_roundTiesToEven_after_each_scalar_result
109	15	F32_SUB	binary32_roundTiesToEven_after_each_scalar_result
110	15	F32_EXP	binary32_roundTiesToEven_after_each_scalar_result
111	15	F32_REDUCE_SUM	binary32_roundTiesToEven_after_each_scalar_result
112	15	F32_DIV	binary32_roundTiesToEven_after_each_scalar_result
113	15	F32_MATMUL	binary32_roundTiesToEven_after_each_scalar_result
114	15	RESHAPE	exact_or_explicitly_pinned
115	15	F32_MATMUL	binary32_roundTiesToEven_after_each_scalar_result
116	16	F32_ADD	binary32_roundTiesToEven_after_each_scalar_result
117	17	F32_SQUARE	binary32_roundTiesToEven_after_each_scalar_result
118	17	F32_REDUCE_SUM	binary32_roundTiesToEven_after_each_scalar_result
119	17	F32_MUL_CONST	binary32_roundTiesToEven_after_each_scalar_result
120	17	F32_ADD_CONST	binary32_roundTiesToEven_after_each_scalar_result
121	17	F32_RSQRT	binary32_roundTiesToEven_after_each_scalar_result
122	17	F32_MUL	binary32_roundTiesToEven_after_each_scalar_result
123	17	F32_MUL	binary32_roundTiesToEven_after_each_scalar_result
124	18	F32_MATMUL	binary32_roundTiesToEven_after_each_scalar_result
125	18	F32_MATMUL	binary32_roundTiesToEven_after_each_scalar_result
126	18	F32_MUL_CONST	binary32_roundTiesToEven_after_each_scalar_result
127	18	F32_CUBE	binary32_roundTiesToEven_after_each_scalar_result
128	18	F32_MUL_CONST	binary32_roundTiesToEven_after_each_scalar_result
129	18	F32_ADD	binary32_roundTiesToEven_after_each_scalar_result
130	18	F32_MUL_CONST	binary32_roundTiesToEven_after_each_scalar_result
131	18	F32_TANH	binary32_roundTiesToEven_after_each_scalar_result
132	18	F32_ADD_CONST	binary32_roundTiesToEven_after_each_scalar_result
133	18	F32_MUL	binary32_roundTiesToEven_after_each_scalar_result
134	18	F32_MUL	binary32_roundTiesToEven_after_each_scalar_result
135	18	F32_MATMUL	binary32_roundTiesToEven_after_each_scalar_result
136	19	F32_ADD	binary32_roundTiesToEven_after_each_scalar_result
137	20	F32_SQUARE	binary32_roundTiesToEven_after_each_scalar_result
138	20	F32_REDUCE_SUM	binary32_roundTiesToEven_after_each_scalar_result
139	20	F32_MUL_CONST	binary32_roundTiesToEven_after_each_scalar_result
140	20	F32_ADD_CONST	binary32_roundTiesToEven_after_each_scalar_result
141	20	F32_RSQRT	binary32_roundTiesToEven_after_each_scalar_result
142	20	F32_MUL	binary32_roundTiesToEven_after_each_scalar_result
143	20	F32_MUL	binary32_roundTiesToEven_after_each_scalar_result
144	21	F32_MATMUL	binary32_roundTiesToEven_after_each_scalar_result
145	21	F32_MATMUL	binary32_roundTiesToEven_after_each_scalar_result
146	21	F32_MATMUL	binary32_roundTiesToEven_after_each_scalar_result
147	21	RESHAPE	exact_or_explicitly_pinned
148	21	TRANSPOSE	exact_or_explicitly_pinned
149	21	F32_MATMUL	binary32_roundTiesToEven_after_each_scalar_result
150	21	RELATIVE_BIAS	exact_or_explicitly_pinned
151	21	CAUSAL_MASK	exact_or_explicitly_pinned
152	21	F32_ADD	binary32_roundTiesToEven_after_each_scalar_result
153	21	F32_REDUCE_MAX	binary32_roundTiesToEven_after_each_scalar_result
154	21	F32_SUB	binary32_roundTiesToEven_after_each_scalar_result
155	21	F32_EXP	binary32_roundTiesToEven_after_each_scalar_result
156	21	F32_REDUCE_SUM	binary32_roundTiesToEven_after_each_scalar_result
157	21	F32_DIV	binary32_roundTiesToEven_after_each_scalar_result
158	21	F32_MATMUL	binary32_roundTiesToEven_after_each_scalar_result
159	21	RESHAPE	exact_or_explicitly_pinned
160	21	F32_MATMUL	binary32_roundTiesToEven_after_each_scalar_result
161	22	F32_ADD	binary32_roundTiesToEven_after_each_scalar_result
162	23	F32_SQUARE	binary32_roundTiesToEven_after_each_scalar_result
163	23	F32_REDUCE_SUM	binary32_roundTiesToEven_after_each_scalar_result
164	23	F32_MUL_CONST	binary32_roundTiesToEven_after_each_scalar_result
165	23	F32_ADD_CONST	binary32_roundTiesToEven_after_each_scalar_result
166	23	F32_RSQRT	binary32_roundTiesToEven_after_each_scalar_result
167	23	F32_MUL	binary32_roundTiesToEven_after_each_scalar_result
168	23	F32_MUL	binary32_roundTiesToEven_after_each_scalar_result
169	24	F32_MATMUL	binary32_roundTiesToEven_after_each_scalar_result
170	24	F32_MATMUL	binary32_roundTiesToEven_after_each_scalar_result
171	24	F32_MUL_CONST	binary32_roundTiesToEven_after_each_scalar_result
172	24	F32_CUBE	binary32_roundTiesToEven_after_each_scalar_result
173	24	F32_MUL_CONST	binary32_roundTiesToEven_after_each_scalar_result
174	24	F32_ADD	binary32_roundTiesToEven_after_each_scalar_result
175	24	F32_MUL_CONST	binary32_roundTiesToEven_after_each_scalar_result
176	24	F32_TANH	binary32_roundTiesToEven_after_each_scalar_result
177	24	F32_ADD_CONST	binary32_roundTiesToEven_after_each_scalar_result
178	24	F32_MUL	binary32_roundTiesToEven_after_each_scalar_result
179	24	F32_MUL	binary32_roundTiesToEven_after_each_scalar_result
180	24	F32_MATMUL	binary32_roundTiesToEven_after_each_scalar_result
181	25	F32_ADD	binary32_roundTiesToEven_after_each_scalar_result
182	26	F32_SQUARE	binary32_roundTiesToEven_after_each_scalar_result
183	26	F32_REDUCE_SUM	binary32_roundTiesToEven_after_each_scalar_result
184	26	F32_MUL_CONST	binary32_roundTiesToEven_after_each_scalar_result
185	26	F32_ADD_CONST	binary32_roundTiesToEven_after_each_scalar_result
186	26	F32_RSQRT	binary32_roundTiesToEven_after_each_scalar_result
187	26	F32_MUL	binary32_roundTiesToEven_after_each_scalar_result
188	26	F32_MUL	binary32_roundTiesToEven_after_each_scalar_result
189	27	F32_MATMUL	binary32_roundTiesToEven_after_each_scalar_result
190	27	F32_MATMUL	binary32_roundTiesToEven_after_each_scalar_result
191	27	F32_MATMUL	binary32_roundTiesToEven_after_each_scalar_result
192	27	RESHAPE	exact_or_explicitly_pinned
193	27	TRANSPOSE	exact_or_explicitly_pinned
194	27	F32_MATMUL	binary32_roundTiesToEven_after_each_scalar_result
195	27	RELATIVE_BIAS	exact_or_explicitly_pinned
196	27	CAUSAL_MASK	exact_or_explicitly_pinned
197	27	F32_ADD	binary32_roundTiesToEven_after_each_scalar_result
198	27	F32_REDUCE_MAX	binary32_roundTiesToEven_after_each_scalar_result
199	27	F32_SUB	binary32_roundTiesToEven_after_each_scalar_result
200	27	F32_EXP	binary32_roundTiesToEven_after_each_scalar_result
201	27	F32_REDUCE_SUM	binary32_roundTiesToEven_after_each_scalar_result
202	27	F32_DIV	binary32_roundTiesToEven_after_each_scalar_result
203	27	F32_MATMUL	binary32_roundTiesToEven_after_each_scalar_result
204	27	RESHAPE	exact_or_explicitly_pinned
205	27	F32_MATMUL	binary32_roundTiesToEven_after_each_scalar_result
206	28	F32_ADD	binary32_roundTiesToEven_after_each_scalar_result
207	29	F32_SQUARE	binary32_roundTiesToEven_after_each_scalar_result
208	29	F32_REDUCE_SUM	binary32_roundTiesToEven_after_each_scalar_result
209	29	F32_MUL_CONST	binary32_roundTiesToEven_after_each_scalar_result
210	29	F32_ADD_CONST	binary32_roundTiesToEven_after_each_scalar_result
211	29	F32_RSQRT	binary32_roundTiesToEven_after_each_scalar_result
212	29	F32_MUL	binary32_roundTiesToEven_after_each_scalar_result
213	29	F32_MUL	binary32_roundTiesToEven_after_each_scalar_result
214	30	F32_MATMUL	binary32_roundTiesToEven_after_each_scalar_result
215	30	F32_MATMUL	binary32_roundTiesToEven_after_each_scalar_result
216	30	F32_MUL_CONST	binary32_roundTiesToEven_after_each_scalar_result
217	30	F32_CUBE	binary32_roundTiesToEven_after_each_scalar_result
218	30	F32_MUL_CONST	binary32_roundTiesToEven_after_each_scalar_result
219	30	F32_ADD	binary32_roundTiesToEven_after_each_scalar_result
220	30	F32_MUL_CONST	binary32_roundTiesToEven_after_each_scalar_result
221	30	F32_TANH	binary32_roundTiesToEven_after_each_scalar_result
222	30	F32_ADD_CONST	binary32_roundTiesToEven_after_each_scalar_result
223	30	F32_MUL	binary32_roundTiesToEven_after_each_scalar_result
224	30	F32_MUL	binary32_roundTiesToEven_after_each_scalar_result
225	30	F32_MATMUL	binary32_roundTiesToEven_after_each_scalar_result
226	31	F32_ADD	binary32_roundTiesToEven_after_each_scalar_result
227	32	F32_SQUARE	binary32_roundTiesToEven_after_each_scalar_result
228	32	F32_REDUCE_SUM	binary32_roundTiesToEven_after_each_scalar_result
229	32	F32_MUL_CONST	binary32_roundTiesToEven_after_each_scalar_result
230	32	F32_ADD_CONST	binary32_roundTiesToEven_after_each_scalar_result
231	32	F32_RSQRT	binary32_roundTiesToEven_after_each_scalar_result
232	32	F32_MUL	binary32_roundTiesToEven_after_each_scalar_result
233	32	F32_MUL	binary32_roundTiesToEven_after_each_scalar_result
234	33	F32_MATMUL	binary32_roundTiesToEven_after_each_scalar_result
235	33	F32_MATMUL	binary32_roundTiesToEven_after_each_scalar_result
236	33	F32_MATMUL	binary32_roundTiesToEven_after_each_scalar_result
237	33	RESHAPE	exact_or_explicitly_pinned
238	33	TRANSPOSE	exact_or_explicitly_pinned
239	33	F32_MATMUL	binary32_roundTiesToEven_after_each_scalar_result
240	33	RELATIVE_BIAS	exact_or_explicitly_pinned
241	33	CAUSAL_MASK	exact_or_explicitly_pinned
242	33	F32_ADD	binary32_roundTiesToEven_after_each_scalar_result
243	33	F32_REDUCE_MAX	binary32_roundTiesToEven_after_each_scalar_result
244	33	F32_SUB	binary32_roundTiesToEven_after_each_scalar_result
245	33	F32_EXP	binary32_roundTiesToEven_after_each_scalar_result
246	33	F32_REDUCE_SUM	binary32_roundTiesToEven_after_each_scalar_result
247	33	F32_DIV	binary32_roundTiesToEven_after_each_scalar_result
248	33	F32_MATMUL	binary32_roundTiesToEven_after_each_scalar_result
249	33	RESHAPE	exact_or_explicitly_pinned
250	33	F32_MATMUL	binary32_roundTiesToEven_after_each_scalar_result
251	34	F32_ADD	binary32_roundTiesToEven_after_each_scalar_result
252	35	F32_SQUARE	binary32_roundTiesToEven_after_each_scalar_result
253	35	F32_REDUCE_SUM	binary32_roundTiesToEven_after_each_scalar_result
254	35	F32_MUL_CONST	binary32_roundTiesToEven_after_each_scalar_result
255	35	F32_ADD_CONST	binary32_roundTiesToEven_after_each_scalar_result
256	35	F32_RSQRT	binary32_roundTiesToEven_after_each_scalar_result
257	35	F32_MUL	binary32_roundTiesToEven_after_each_scalar_result
258	35	F32_MUL	binary32_roundTiesToEven_after_each_scalar_result
259	36	F32_MATMUL	binary32_roundTiesToEven_after_each_scalar_result
260	36	F32_MATMUL	binary32_roundTiesToEven_after_each_scalar_result
261	36	F32_MUL_CONST	binary32_roundTiesToEven_after_each_scalar_result
262	36	F32_CUBE	binary32_roundTiesToEven_after_each_scalar_result
263	36	F32_MUL_CONST	binary32_roundTiesToEven_after_each_scalar_result
264	36	F32_ADD	binary32_roundTiesToEven_after_each_scalar_result
265	36	F32_MUL_CONST	binary32_roundTiesToEven_after_each_scalar_result
266	36	F32_TANH	binary32_roundTiesToEven_after_each_scalar_result
267	36	F32_ADD_CONST	binary32_roundTiesToEven_after_each_scalar_result
268	36	F32_MUL	binary32_roundTiesToEven_after_each_scalar_result
269	36	F32_MUL	binary32_roundTiesToEven_after_each_scalar_result
270	36	F32_MATMUL	binary32_roundTiesToEven_after_each_scalar_result
271	37	F32_ADD	binary32_roundTiesToEven_after_each_scalar_result
272	38	F32_SQUARE	binary32_roundTiesToEven_after_each_scalar_result
273	38	F32_REDUCE_SUM	binary32_roundTiesToEven_after_each_scalar_result
274	38	F32_MUL_CONST	binary32_roundTiesToEven_after_each_scalar_result
275	38	F32_ADD_CONST	binary32_roundTiesToEven_after_each_scalar_result
276	38	F32_RSQRT	binary32_roundTiesToEven_after_each_scalar_result
277	38	F32_MUL	binary32_roundTiesToEven_after_each_scalar_result
278	38	F32_MUL	binary32_roundTiesToEven_after_each_scalar_result
279	39	F32_MATMUL	binary32_roundTiesToEven_after_each_scalar_result
280	39	F32_MATMUL	binary32_roundTiesToEven_after_each_scalar_result
281	39	F32_MATMUL	binary32_roundTiesToEven_after_each_scalar_result
282	39	RESHAPE	exact_or_explicitly_pinned
283	39	TRANSPOSE	exact_or_explicitly_pinned
284	39	F32_MATMUL	binary32_roundTiesToEven_after_each_scalar_result
285	39	RELATIVE_BIAS	exact_or_explicitly_pinned
286	39	CAUSAL_MASK	exact_or_explicitly_pinned
287	39	F32_ADD	binary32_roundTiesToEven_after_each_scalar_result
288	39	F32_REDUCE_MAX	binary32_roundTiesToEven_after_each_scalar_result
289	39	F32_SUB	binary32_roundTiesToEven_after_each_scalar_result
290	39	F32_EXP	binary32_roundTiesToEven_after_each_scalar_result
291	39	F32_REDUCE_SUM	binary32_roundTiesToEven_after_each_scalar_result
292	39	F32_DIV	binary32_roundTiesToEven_after_each_scalar_result
293	39	F32_MATMUL	binary32_roundTiesToEven_after_each_scalar_result
294	39	RESHAPE	exact_or_explicitly_pinned
295	39	F32_MATMUL	binary32_roundTiesToEven_after_each_scalar_result
296	40	F32_ADD	binary32_roundTiesToEven_after_each_scalar_result
297	41	F32_SQUARE	binary32_roundTiesToEven_after_each_scalar_result
298	41	F32_REDUCE_SUM	binary32_roundTiesToEven_after_each_scalar_result
299	41	F32_MUL_CONST	binary32_roundTiesToEven_after_each_scalar_result
300	41	F32_ADD_CONST	binary32_roundTiesToEven_after_each_scalar_result
301	41	F32_RSQRT	binary32_roundTiesToEven_after_each_scalar_result
302	41	F32_MUL	binary32_roundTiesToEven_after_each_scalar_result
303	41	F32_MUL	binary32_roundTiesToEven_after_each_scalar_result
304	42	F32_MATMUL	binary32_roundTiesToEven_after_each_scalar_result
305	42	F32_MATMUL	binary32_roundTiesToEven_after_each_scalar_result
306	42	F32_MUL_CONST	binary32_roundTiesToEven_after_each_scalar_result
307	42	F32_CUBE	binary32_roundTiesToEven_after_each_scalar_result
308	42	F32_MUL_CONST	binary32_roundTiesToEven_after_each_scalar_result
309	42	F32_ADD	binary32_roundTiesToEven_after_each_scalar_result
310	42	F32_MUL_CONST	binary32_roundTiesToEven_after_each_scalar_result
311	42	F32_TANH	binary32_roundTiesToEven_after_each_scalar_result
312	42	F32_ADD_CONST	binary32_roundTiesToEven_after_each_scalar_result
313	42	F32_MUL	binary32_roundTiesToEven_after_each_scalar_result
314	42	F32_MUL	binary32_roundTiesToEven_after_each_scalar_result
315	42	F32_MATMUL	binary32_roundTiesToEven_after_each_scalar_result
316	43	F32_ADD	binary32_roundTiesToEven_after_each_scalar_result
317	44	F32_SQUARE	binary32_roundTiesToEven_after_each_scalar_result
318	44	F32_REDUCE_SUM	binary32_roundTiesToEven_after_each_scalar_result
319	44	F32_MUL_CONST	binary32_roundTiesToEven_after_each_scalar_result
320	44	F32_ADD_CONST	binary32_roundTiesToEven_after_each_scalar_result
321	44	F32_RSQRT	binary32_roundTiesToEven_after_each_scalar_result
322	44	F32_MUL	binary32_roundTiesToEven_after_each_scalar_result
323	44	F32_MUL	binary32_roundTiesToEven_after_each_scalar_result
324	45	F32_MATMUL	binary32_roundTiesToEven_after_each_scalar_result
325	45	F32_MATMUL	binary32_roundTiesToEven_after_each_scalar_result
326	45	F32_MATMUL	binary32_roundTiesToEven_after_each_scalar_result
327	45	RESHAPE	exact_or_explicitly_pinned
328	45	TRANSPOSE	exact_or_explicitly_pinned
329	45	F32_MATMUL	binary32_roundTiesToEven_after_each_scalar_result
330	45	RELATIVE_BIAS	exact_or_explicitly_pinned
331	45	CAUSAL_MASK	exact_or_explicitly_pinned
332	45	F32_ADD	binary32_roundTiesToEven_after_each_scalar_result
333	45	F32_REDUCE_MAX	binary32_roundTiesToEven_after_each_scalar_result
334	45	F32_SUB	binary32_roundTiesToEven_after_each_scalar_result
335	45	F32_EXP	binary32_roundTiesToEven_after_each_scalar_result
336	45	F32_REDUCE_SUM	binary32_roundTiesToEven_after_each_scalar_result
337	45	F32_DIV	binary32_roundTiesToEven_after_each_scalar_result
338	45	F32_MATMUL	binary32_roundTiesToEven_after_each_scalar_result
339	45	RESHAPE	exact_or_explicitly_pinned
340	45	F32_MATMUL	binary32_roundTiesToEven_after_each_scalar_result
341	46	F32_ADD	binary32_roundTiesToEven_after_each_scalar_result
342	47	F32_SQUARE	binary32_roundTiesToEven_after_each_scalar_result
343	47	F32_REDUCE_SUM	binary32_roundTiesToEven_after_each_scalar_result
344	47	F32_MUL_CONST	binary32_roundTiesToEven_after_each_scalar_result
345	47	F32_ADD_CONST	binary32_roundTiesToEven_after_each_scalar_result
346	47	F32_RSQRT	binary32_roundTiesToEven_after_each_scalar_result
347	47	F32_MUL	binary32_roundTiesToEven_after_each_scalar_result
348	47	F32_MUL	binary32_roundTiesToEven_after_each_scalar_result
349	48	F32_MATMUL	binary32_roundTiesToEven_after_each_scalar_result
350	48	F32_MATMUL	binary32_roundTiesToEven_after_each_scalar_result
351	48	F32_MUL_CONST	binary32_roundTiesToEven_after_each_scalar_result
352	48	F32_CUBE	binary32_roundTiesToEven_after_each_scalar_result
353	48	F32_MUL_CONST	binary32_roundTiesToEven_after_each_scalar_result
354	48	F32_ADD	binary32_roundTiesToEven_after_each_scalar_result
355	48	F32_MUL_CONST	binary32_roundTiesToEven_after_each_scalar_result
356	48	F32_TANH	binary32_roundTiesToEven_after_each_scalar_result
357	48	F32_ADD_CONST	binary32_roundTiesToEven_after_each_scalar_result
358	48	F32_MUL	binary32_roundTiesToEven_after_each_scalar_result
359	48	F32_MUL	binary32_roundTiesToEven_after_each_scalar_result
360	48	F32_MATMUL	binary32_roundTiesToEven_after_each_scalar_result
361	49	F32_ADD	binary32_roundTiesToEven_after_each_scalar_result
362	50	F32_SQUARE	binary32_roundTiesToEven_after_each_scalar_result
363	50	F32_REDUCE_SUM	binary32_roundTiesToEven_after_each_scalar_result
364	50	F32_MUL_CONST	binary32_roundTiesToEven_after_each_scalar_result
365	50	F32_ADD_CONST	binary32_roundTiesToEven_after_each_scalar_result
366	50	F32_RSQRT	binary32_roundTiesToEven_after_each_scalar_result
367	50	F32_MUL	binary32_roundTiesToEven_after_each_scalar_result
368	50	F32_MUL	binary32_roundTiesToEven_after_each_scalar_result
369	51	TOKEN_BIND	exact_or_explicitly_pinned
370	52	TENSOR_GATHER	exact_or_explicitly_pinned
371	53	F32_SQUARE	binary32_roundTiesToEven_after_each_scalar_result
372	53	F32_REDUCE_SUM	binary32_roundTiesToEven_after_each_scalar_result
373	53	F32_MUL_CONST	binary32_roundTiesToEven_after_each_scalar_result
374	53	F32_ADD_CONST	binary32_roundTiesToEven_after_each_scalar_result
375	53	F32_RSQRT	binary32_roundTiesToEven_after_each_scalar_result
376	53	F32_MUL	binary32_roundTiesToEven_after_each_scalar_result
377	53	F32_MUL	binary32_roundTiesToEven_after_each_scalar_result
378	54	F32_MATMUL	binary32_roundTiesToEven_after_each_scalar_result
379	54	F32_MATMUL	binary32_roundTiesToEven_after_each_scalar_result
380	54	F32_MATMUL	binary32_roundTiesToEven_after_each_scalar_result
381	54	RESHAPE	exact_or_explicitly_pinned
382	54	TRANSPOSE	exact_or_explicitly_pinned
383	54	F32_MATMUL	binary32_roundTiesToEven_after_each_scalar_result
384	54	RELATIVE_BIAS	exact_or_explicitly_pinned
385	54	CAUSAL_MASK	exact_or_explicitly_pinned
386	54	F32_ADD	binary32_roundTiesToEven_after_each_scalar_result
387	54	F32_REDUCE_MAX	binary32_roundTiesToEven_after_each_scalar_result
388	54	F32_SUB	binary32_roundTiesToEven_after_each_scalar_result
389	54	F32_EXP	binary32_roundTiesToEven_after_each_scalar_result
390	54	F32_REDUCE_SUM	binary32_roundTiesToEven_after_each_scalar_result
391	54	F32_DIV	binary32_roundTiesToEven_after_each_scalar_result
392	54	F32_MATMUL	binary32_roundTiesToEven_after_each_scalar_result
393	54	RESHAPE	exact_or_explicitly_pinned
394	54	F32_MATMUL	binary32_roundTiesToEven_after_each_scalar_result
395	55	F32_ADD	binary32_roundTiesToEven_after_each_scalar_result
396	56	F32_SQUARE	binary32_roundTiesToEven_after_each_scalar_result
397	56	F32_REDUCE_SUM	binary32_roundTiesToEven_after_each_scalar_result
398	56	F32_MUL_CONST	binary32_roundTiesToEven_after_each_scalar_result
399	56	F32_ADD_CONST	binary32_roundTiesToEven_after_each_scalar_result
400	56	F32_RSQRT	binary32_roundTiesToEven_after_each_scalar_result
401	56	F32_MUL	binary32_roundTiesToEven_after_each_scalar_result
402	56	F32_MUL	binary32_roundTiesToEven_after_each_scalar_result
403	57	F32_MATMUL	binary32_roundTiesToEven_after_each_scalar_result
404	57	F32_MATMUL	binary32_roundTiesToEven_after_each_scalar_result
405	57	F32_MATMUL	binary32_roundTiesToEven_after_each_scalar_result
406	57	RESHAPE	exact_or_explicitly_pinned
407	57	TRANSPOSE	exact_or_explicitly_pinned
408	57	F32_MATMUL	binary32_roundTiesToEven_after_each_scalar_result
409	57	RELATIVE_BIAS	exact_or_explicitly_pinned
410	57	CAUSAL_MASK	exact_or_explicitly_pinned
411	57	F32_ADD	binary32_roundTiesToEven_after_each_scalar_result
412	57	F32_REDUCE_MAX	binary32_roundTiesToEven_after_each_scalar_result
413	57	F32_SUB	binary32_roundTiesToEven_after_each_scalar_result
414	57	F32_EXP	binary32_roundTiesToEven_after_each_scalar_result
415	57	F32_REDUCE_SUM	binary32_roundTiesToEven_after_each_scalar_result
416	57	F32_DIV	binary32_roundTiesToEven_after_each_scalar_result
417	57	F32_MATMUL	binary32_roundTiesToEven_after_each_scalar_result
418	57	RESHAPE	exact_or_explicitly_pinned
419	57	F32_MATMUL	binary32_roundTiesToEven_after_each_scalar_result
420	58	F32_ADD	binary32_roundTiesToEven_after_each_scalar_result
421	59	F32_SQUARE	binary32_roundTiesToEven_after_each_scalar_result
422	59	F32_REDUCE_SUM	binary32_roundTiesToEven_after_each_scalar_result
423	59	F32_MUL_CONST	binary32_roundTiesToEven_after_each_scalar_result
424	59	F32_ADD_CONST	binary32_roundTiesToEven_after_each_scalar_result
425	59	F32_RSQRT	binary32_roundTiesToEven_after_each_scalar_result
426	59	F32_MUL	binary32_roundTiesToEven_after_each_scalar_result
427	59	F32_MUL	binary32_roundTiesToEven_after_each_scalar_result
428	60	F32_MATMUL	binary32_roundTiesToEven_after_each_scalar_result
429	60	F32_MATMUL	binary32_roundTiesToEven_after_each_scalar_result
430	60	F32_MUL_CONST	binary32_roundTiesToEven_after_each_scalar_result
431	60	F32_CUBE	binary32_roundTiesToEven_after_each_scalar_result
432	60	F32_MUL_CONST	binary32_roundTiesToEven_after_each_scalar_result
433	60	F32_ADD	binary32_roundTiesToEven_after_each_scalar_result
434	60	F32_MUL_CONST	binary32_roundTiesToEven_after_each_scalar_result
435	60	F32_TANH	binary32_roundTiesToEven_after_each_scalar_result
436	60	F32_ADD_CONST	binary32_roundTiesToEven_after_each_scalar_result
437	60	F32_MUL	binary32_roundTiesToEven_after_each_scalar_result
438	60	F32_MUL	binary32_roundTiesToEven_after_each_scalar_result
439	60	F32_MATMUL	binary32_roundTiesToEven_after_each_scalar_result
440	61	F32_ADD	binary32_roundTiesToEven_after_each_scalar_result
441	62	F32_SQUARE	binary32_roundTiesToEven_after_each_scalar_result
442	62	F32_REDUCE_SUM	binary32_roundTiesToEven_after_each_scalar_result
443	62	F32_MUL_CONST	binary32_roundTiesToEven_after_each_scalar_result
444	62	F32_ADD_CONST	binary32_roundTiesToEven_after_each_scalar_result
445	62	F32_RSQRT	binary32_roundTiesToEven_after_each_scalar_result
446	62	F32_MUL	binary32_roundTiesToEven_after_each_scalar_result
447	62	F32_MUL	binary32_roundTiesToEven_after_each_scalar_result
448	63	F32_MATMUL	binary32_roundTiesToEven_after_each_scalar_result
449	63	F32_MATMUL	binary32_roundTiesToEven_after_each_scalar_result
450	63	F32_MATMUL	binary32_roundTiesToEven_after_each_scalar_result
451	63	RESHAPE	exact_or_explicitly_pinned
452	63	TRANSPOSE	exact_or_explicitly_pinned
453	63	F32_MATMUL	binary32_roundTiesToEven_after_each_scalar_result
454	63	RELATIVE_BIAS	exact_or_explicitly_pinned
455	63	CAUSAL_MASK	exact_or_explicitly_pinned
456	63	F32_ADD	binary32_roundTiesToEven_after_each_scalar_result
457	63	F32_REDUCE_MAX	binary32_roundTiesToEven_after_each_scalar_result
458	63	F32_SUB	binary32_roundTiesToEven_after_each_scalar_result
459	63	F32_EXP	binary32_roundTiesToEven_after_each_scalar_result
460	63	F32_REDUCE_SUM	binary32_roundTiesToEven_after_each_scalar_result
461	63	F32_DIV	binary32_roundTiesToEven_after_each_scalar_result
462	63	F32_MATMUL	binary32_roundTiesToEven_after_each_scalar_result
463	63	RESHAPE	exact_or_explicitly_pinned
464	63	F32_MATMUL	binary32_roundTiesToEven_after_each_scalar_result
465	64	F32_ADD	binary32_roundTiesToEven_after_each_scalar_result
466	65	F32_SQUARE	binary32_roundTiesToEven_after_each_scalar_result
467	65	F32_REDUCE_SUM	binary32_roundTiesToEven_after_each_scalar_result
468	65	F32_MUL_CONST	binary32_roundTiesToEven_after_each_scalar_result
469	65	F32_ADD_CONST	binary32_roundTiesToEven_after_each_scalar_result
470	65	F32_RSQRT	binary32_roundTiesToEven_after_each_scalar_result
471	65	F32_MUL	binary32_roundTiesToEven_after_each_scalar_result
472	65	F32_MUL	binary32_roundTiesToEven_after_each_scalar_result
473	66	F32_MATMUL	binary32_roundTiesToEven_after_each_scalar_result
474	66	F32_MATMUL	binary32_roundTiesToEven_after_each_scalar_result
475	66	F32_MATMUL	binary32_roundTiesToEven_after_each_scalar_result
476	66	RESHAPE	exact_or_explicitly_pinned
477	66	TRANSPOSE	exact_or_explicitly_pinned
478	66	F32_MATMUL	binary32_roundTiesToEven_after_each_scalar_result
479	66	RELATIVE_BIAS	exact_or_explicitly_pinned
480	66	CAUSAL_MASK	exact_or_explicitly_pinned
481	66	F32_ADD	binary32_roundTiesToEven_after_each_scalar_result
482	66	F32_REDUCE_MAX	binary32_roundTiesToEven_after_each_scalar_result
483	66	F32_SUB	binary32_roundTiesToEven_after_each_scalar_result
484	66	F32_EXP	binary32_roundTiesToEven_after_each_scalar_result
485	66	F32_REDUCE_SUM	binary32_roundTiesToEven_after_each_scalar_result
486	66	F32_DIV	binary32_roundTiesToEven_after_each_scalar_result
487	66	F32_MATMUL	binary32_roundTiesToEven_after_each_scalar_result
488	66	RESHAPE	exact_or_explicitly_pinned
489	66	F32_MATMUL	binary32_roundTiesToEven_after_each_scalar_result
490	67	F32_ADD	binary32_roundTiesToEven_after_each_scalar_result
491	68	F32_SQUARE	binary32_roundTiesToEven_after_each_scalar_result
492	68	F32_REDUCE_SUM	binary32_roundTiesToEven_after_each_scalar_result
493	68	F32_MUL_CONST	binary32_roundTiesToEven_after_each_scalar_result
494	68	F32_ADD_CONST	binary32_roundTiesToEven_after_each_scalar_result
495	68	F32_RSQRT	binary32_roundTiesToEven_after_each_scalar_result
496	68	F32_MUL	binary32_roundTiesToEven_after_each_scalar_result
497	68	F32_MUL	binary32_roundTiesToEven_after_each_scalar_result
498	69	F32_MATMUL	binary32_roundTiesToEven_after_each_scalar_result
499	69	F32_MATMUL	binary32_roundTiesToEven_after_each_scalar_result
500	69	F32_MUL_CONST	binary32_roundTiesToEven_after_each_scalar_result
501	69	F32_CUBE	binary32_roundTiesToEven_after_each_scalar_result
502	69	F32_MUL_CONST	binary32_roundTiesToEven_after_each_scalar_result
503	69	F32_ADD	binary32_roundTiesToEven_after_each_scalar_result
504	69	F32_MUL_CONST	binary32_roundTiesToEven_after_each_scalar_result
505	69	F32_TANH	binary32_roundTiesToEven_after_each_scalar_result
506	69	F32_ADD_CONST	binary32_roundTiesToEven_after_each_scalar_result
507	69	F32_MUL	binary32_roundTiesToEven_after_each_scalar_result
508	69	F32_MUL	binary32_roundTiesToEven_after_each_scalar_result
509	69	F32_MATMUL	binary32_roundTiesToEven_after_each_scalar_result
510	70	F32_ADD	binary32_roundTiesToEven_after_each_scalar_result
511	71	F32_SQUARE	binary32_roundTiesToEven_after_each_scalar_result
512	71	F32_REDUCE_SUM	binary32_roundTiesToEven_after_each_scalar_result
513	71	F32_MUL_CONST	binary32_roundTiesToEven_after_each_scalar_result
514	71	F32_ADD_CONST	binary32_roundTiesToEven_after_each_scalar_result
515	71	F32_RSQRT	binary32_roundTiesToEven_after_each_scalar_result
516	71	F32_MUL	binary32_roundTiesToEven_after_each_scalar_result
517	71	F32_MUL	binary32_roundTiesToEven_after_each_scalar_result
518	72	F32_MATMUL	binary32_roundTiesToEven_after_each_scalar_result
519	72	F32_MATMUL	binary32_roundTiesToEven_after_each_scalar_result
520	72	F32_MATMUL	binary32_roundTiesToEven_after_each_scalar_result
521	72	RESHAPE	exact_or_explicitly_pinned
522	72	TRANSPOSE	exact_or_explicitly_pinned
523	72	F32_MATMUL	binary32_roundTiesToEven_after_each_scalar_result
524	72	RELATIVE_BIAS	exact_or_explicitly_pinned
525	72	CAUSAL_MASK	exact_or_explicitly_pinned
526	72	F32_ADD	binary32_roundTiesToEven_after_each_scalar_result
527	72	F32_REDUCE_MAX	binary32_roundTiesToEven_after_each_scalar_result
528	72	F32_SUB	binary32_roundTiesToEven_after_each_scalar_result
529	72	F32_EXP	binary32_roundTiesToEven_after_each_scalar_result
530	72	F32_REDUCE_SUM	binary32_roundTiesToEven_after_each_scalar_result
531	72	F32_DIV	binary32_roundTiesToEven_after_each_scalar_result
532	72	F32_MATMUL	binary32_roundTiesToEven_after_each_scalar_result
533	72	RESHAPE	exact_or_explicitly_pinned
534	72	F32_MATMUL	binary32_roundTiesToEven_after_each_scalar_result
535	73	F32_ADD	binary32_roundTiesToEven_after_each_scalar_result
536	74	F32_SQUARE	binary32_roundTiesToEven_after_each_scalar_result
537	74	F32_REDUCE_SUM	binary32_roundTiesToEven_after_each_scalar_result
538	74	F32_MUL_CONST	binary32_roundTiesToEven_after_each_scalar_result
539	74	F32_ADD_CONST	binary32_roundTiesToEven_after_each_scalar_result
540	74	F32_RSQRT	binary32_roundTiesToEven_after_each_scalar_result
541	74	F32_MUL	binary32_roundTiesToEven_after_each_scalar_result
542	74	F32_MUL	binary32_roundTiesToEven_after_each_scalar_result
543	75	F32_MATMUL	binary32_roundTiesToEven_after_each_scalar_result
544	75	F32_MATMUL	binary32_roundTiesToEven_after_each_scalar_result
545	75	F32_MATMUL	binary32_roundTiesToEven_after_each_scalar_result
546	75	RESHAPE	exact_or_explicitly_pinned
547	75	TRANSPOSE	exact_or_explicitly_pinned
548	75	F32_MATMUL	binary32_roundTiesToEven_after_each_scalar_result
549	75	RELATIVE_BIAS	exact_or_explicitly_pinned
550	75	CAUSAL_MASK	exact_or_explicitly_pinned
551	75	F32_ADD	binary32_roundTiesToEven_after_each_scalar_result
552	75	F32_REDUCE_MAX	binary32_roundTiesToEven_after_each_scalar_result
553	75	F32_SUB	binary32_roundTiesToEven_after_each_scalar_result
554	75	F32_EXP	binary32_roundTiesToEven_after_each_scalar_result
555	75	F32_REDUCE_SUM	binary32_roundTiesToEven_after_each_scalar_result
556	75	F32_DIV	binary32_roundTiesToEven_after_each_scalar_result
557	75	F32_MATMUL	binary32_roundTiesToEven_after_each_scalar_result
558	75	RESHAPE	exact_or_explicitly_pinned
559	75	F32_MATMUL	binary32_roundTiesToEven_after_each_scalar_result
560	76	F32_ADD	binary32_roundTiesToEven_after_each_scalar_result
561	77	F32_SQUARE	binary32_roundTiesToEven_after_each_scalar_result
562	77	F32_REDUCE_SUM	binary32_roundTiesToEven_after_each_scalar_result
563	77	F32_MUL_CONST	binary32_roundTiesToEven_after_each_scalar_result
564	77	F32_ADD_CONST	binary32_roundTiesToEven_after_each_scalar_result
565	77	F32_RSQRT	binary32_roundTiesToEven_after_each_scalar_result
566	77	F32_MUL	binary32_roundTiesToEven_after_each_scalar_result
567	77	F32_MUL	binary32_roundTiesToEven_after_each_scalar_result
568	78	F32_MATMUL	binary32_roundTiesToEven_after_each_scalar_result
569	78	F32_MATMUL	binary32_roundTiesToEven_after_each_scalar_result
570	78	F32_MUL_CONST	binary32_roundTiesToEven_after_each_scalar_result
571	78	F32_CUBE	binary32_roundTiesToEven_after_each_scalar_result
572	78	F32_MUL_CONST	binary32_roundTiesToEven_after_each_scalar_result
573	78	F32_ADD	binary32_roundTiesToEven_after_each_scalar_result
574	78	F32_MUL_CONST	binary32_roundTiesToEven_after_each_scalar_result
575	78	F32_TANH	binary32_roundTiesToEven_after_each_scalar_result
576	78	F32_ADD_CONST	binary32_roundTiesToEven_after_each_scalar_result
577	78	F32_MUL	binary32_roundTiesToEven_after_each_scalar_result
578	78	F32_MUL	binary32_roundTiesToEven_after_each_scalar_result
579	78	F32_MATMUL	binary32_roundTiesToEven_after_each_scalar_result
580	79	F32_ADD	binary32_roundTiesToEven_after_each_scalar_result
581	80	F32_SQUARE	binary32_roundTiesToEven_after_each_scalar_result
582	80	F32_REDUCE_SUM	binary32_roundTiesToEven_after_each_scalar_result
583	80	F32_MUL_CONST	binary32_roundTiesToEven_after_each_scalar_result
584	80	F32_ADD_CONST	binary32_roundTiesToEven_after_each_scalar_result
585	80	F32_RSQRT	binary32_roundTiesToEven_after_each_scalar_result
586	80	F32_MUL	binary32_roundTiesToEven_after_each_scalar_result
587	80	F32_MUL	binary32_roundTiesToEven_after_each_scalar_result
588	81	F32_MATMUL	binary32_roundTiesToEven_after_each_scalar_result
589	81	F32_MATMUL	binary32_roundTiesToEven_after_each_scalar_result
590	81	F32_MATMUL	binary32_roundTiesToEven_after_each_scalar_result
591	81	RESHAPE	exact_or_explicitly_pinned
592	81	TRANSPOSE	exact_or_explicitly_pinned
593	81	F32_MATMUL	binary32_roundTiesToEven_after_each_scalar_result
594	81	RELATIVE_BIAS	exact_or_explicitly_pinned
595	81	CAUSAL_MASK	exact_or_explicitly_pinned
596	81	F32_ADD	binary32_roundTiesToEven_after_each_scalar_result
597	81	F32_REDUCE_MAX	binary32_roundTiesToEven_after_each_scalar_result
598	81	F32_SUB	binary32_roundTiesToEven_after_each_scalar_result
599	81	F32_EXP	binary32_roundTiesToEven_after_each_scalar_result
600	81	F32_REDUCE_SUM	binary32_roundTiesToEven_after_each_scalar_result
601	81	F32_DIV	binary32_roundTiesToEven_after_each_scalar_result
602	81	F32_MATMUL	binary32_roundTiesToEven_after_each_scalar_result
603	81	RESHAPE	exact_or_explicitly_pinned
604	81	F32_MATMUL	binary32_roundTiesToEven_after_each_scalar_result
605	82	F32_ADD	binary32_roundTiesToEven_after_each_scalar_result
606	83	F32_SQUARE	binary32_roundTiesToEven_after_each_scalar_result
607	83	F32_REDUCE_SUM	binary32_roundTiesToEven_after_each_scalar_result
608	83	F32_MUL_CONST	binary32_roundTiesToEven_after_each_scalar_result
609	83	F32_ADD_CONST	binary32_roundTiesToEven_after_each_scalar_result
610	83	F32_RSQRT	binary32_roundTiesToEven_after_each_scalar_result
611	83	F32_MUL	binary32_roundTiesToEven_after_each_scalar_result
612	83	F32_MUL	binary32_roundTiesToEven_after_each_scalar_result
613	84	F32_MATMUL	binary32_roundTiesToEven_after_each_scalar_result
614	84	F32_MATMUL	binary32_roundTiesToEven_after_each_scalar_result
615	84	F32_MATMUL	binary32_roundTiesToEven_after_each_scalar_result
616	84	RESHAPE	exact_or_explicitly_pinned
617	84	TRANSPOSE	exact_or_explicitly_pinned
618	84	F32_MATMUL	binary32_roundTiesToEven_after_each_scalar_result
619	84	RELATIVE_BIAS	exact_or_explicitly_pinned
620	84	CAUSAL_MASK	exact_or_explicitly_pinned
621	84	F32_ADD	binary32_roundTiesToEven_after_each_scalar_result
622	84	F32_REDUCE_MAX	binary32_roundTiesToEven_after_each_scalar_result
623	84	F32_SUB	binary32_roundTiesToEven_after_each_scalar_result
624	84	F32_EXP	binary32_roundTiesToEven_after_each_scalar_result
625	84	F32_REDUCE_SUM	binary32_roundTiesToEven_after_each_scalar_result
626	84	F32_DIV	binary32_roundTiesToEven_after_each_scalar_result
627	84	F32_MATMUL	binary32_roundTiesToEven_after_each_scalar_result
628	84	RESHAPE	exact_or_explicitly_pinned
629	84	F32_MATMUL	binary32_roundTiesToEven_after_each_scalar_result
630	85	F32_ADD	binary32_roundTiesToEven_after_each_scalar_result
631	86	F32_SQUARE	binary32_roundTiesToEven_after_each_scalar_result
632	86	F32_REDUCE_SUM	binary32_roundTiesToEven_after_each_scalar_result
633	86	F32_MUL_CONST	binary32_roundTiesToEven_after_each_scalar_result
634	86	F32_ADD_CONST	binary32_roundTiesToEven_after_each_scalar_result
635	86	F32_RSQRT	binary32_roundTiesToEven_after_each_scalar_result
636	86	F32_MUL	binary32_roundTiesToEven_after_each_scalar_result
637	86	F32_MUL	binary32_roundTiesToEven_after_each_scalar_result
638	87	F32_MATMUL	binary32_roundTiesToEven_after_each_scalar_result
639	87	F32_MATMUL	binary32_roundTiesToEven_after_each_scalar_result
640	87	F32_MUL_CONST	binary32_roundTiesToEven_after_each_scalar_result
641	87	F32_CUBE	binary32_roundTiesToEven_after_each_scalar_result
642	87	F32_MUL_CONST	binary32_roundTiesToEven_after_each_scalar_result
643	87	F32_ADD	binary32_roundTiesToEven_after_each_scalar_result
644	87	F32_MUL_CONST	binary32_roundTiesToEven_after_each_scalar_result
645	87	F32_TANH	binary32_roundTiesToEven_after_each_scalar_result
646	87	F32_ADD_CONST	binary32_roundTiesToEven_after_each_scalar_result
647	87	F32_MUL	binary32_roundTiesToEven_after_each_scalar_result
648	87	F32_MUL	binary32_roundTiesToEven_after_each_scalar_result
649	87	F32_MATMUL	binary32_roundTiesToEven_after_each_scalar_result
650	88	F32_ADD	binary32_roundTiesToEven_after_each_scalar_result
651	89	F32_SQUARE	binary32_roundTiesToEven_after_each_scalar_result
652	89	F32_REDUCE_SUM	binary32_roundTiesToEven_after_each_scalar_result
653	89	F32_MUL_CONST	binary32_roundTiesToEven_after_each_scalar_result
654	89	F32_ADD_CONST	binary32_roundTiesToEven_after_each_scalar_result
655	89	F32_RSQRT	binary32_roundTiesToEven_after_each_scalar_result
656	89	F32_MUL	binary32_roundTiesToEven_after_each_scalar_result
657	89	F32_MUL	binary32_roundTiesToEven_after_each_scalar_result
658	90	F32_MATMUL	binary32_roundTiesToEven_after_each_scalar_result
659	90	F32_MATMUL	binary32_roundTiesToEven_after_each_scalar_result
660	90	F32_MATMUL	binary32_roundTiesToEven_after_each_scalar_result
661	90	RESHAPE	exact_or_explicitly_pinned
662	90	TRANSPOSE	exact_or_explicitly_pinned
663	90	F32_MATMUL	binary32_roundTiesToEven_after_each_scalar_result
664	90	RELATIVE_BIAS	exact_or_explicitly_pinned
665	90	CAUSAL_MASK	exact_or_explicitly_pinned
666	90	F32_ADD	binary32_roundTiesToEven_after_each_scalar_result
667	90	F32_REDUCE_MAX	binary32_roundTiesToEven_after_each_scalar_result
668	90	F32_SUB	binary32_roundTiesToEven_after_each_scalar_result
669	90	F32_EXP	binary32_roundTiesToEven_after_each_scalar_result
670	90	F32_REDUCE_SUM	binary32_roundTiesToEven_after_each_scalar_result
671	90	F32_DIV	binary32_roundTiesToEven_after_each_scalar_result
672	90	F32_MATMUL	binary32_roundTiesToEven_after_each_scalar_result
673	90	RESHAPE	exact_or_explicitly_pinned
674	90	F32_MATMUL	binary32_roundTiesToEven_after_each_scalar_result
675	91	F32_ADD	binary32_roundTiesToEven_after_each_scalar_result
676	92	F32_SQUARE	binary32_roundTiesToEven_after_each_scalar_result
677	92	F32_REDUCE_SUM	binary32_roundTiesToEven_after_each_scalar_result
678	92	F32_MUL_CONST	binary32_roundTiesToEven_after_each_scalar_result
679	92	F32_ADD_CONST	binary32_roundTiesToEven_after_each_scalar_result
680	92	F32_RSQRT	binary32_roundTiesToEven_after_each_scalar_result
681	92	F32_MUL	binary32_roundTiesToEven_after_each_scalar_result
682	92	F32_MUL	binary32_roundTiesToEven_after_each_scalar_result
683	93	F32_MATMUL	binary32_roundTiesToEven_after_each_scalar_result
684	93	F32_MATMUL	binary32_roundTiesToEven_after_each_scalar_result
685	93	F32_MATMUL	binary32_roundTiesToEven_after_each_scalar_result
686	93	RESHAPE	exact_or_explicitly_pinned
687	93	TRANSPOSE	exact_or_explicitly_pinned
688	93	F32_MATMUL	binary32_roundTiesToEven_after_each_scalar_result
689	93	RELATIVE_BIAS	exact_or_explicitly_pinned
690	93	CAUSAL_MASK	exact_or_explicitly_pinned
691	93	F32_ADD	binary32_roundTiesToEven_after_each_scalar_result
692	93	F32_REDUCE_MAX	binary32_roundTiesToEven_after_each_scalar_result
693	93	F32_SUB	binary32_roundTiesToEven_after_each_scalar_result
694	93	F32_EXP	binary32_roundTiesToEven_after_each_scalar_result
695	93	F32_REDUCE_SUM	binary32_roundTiesToEven_after_each_scalar_result
696	93	F32_DIV	binary32_roundTiesToEven_after_each_scalar_result
697	93	F32_MATMUL	binary32_roundTiesToEven_after_each_scalar_result
698	93	RESHAPE	exact_or_explicitly_pinned
699	93	F32_MATMUL	binary32_roundTiesToEven_after_each_scalar_result
700	94	F32_ADD	binary32_roundTiesToEven_after_each_scalar_result
701	95	F32_SQUARE	binary32_roundTiesToEven_after_each_scalar_result
702	95	F32_REDUCE_SUM	binary32_roundTiesToEven_after_each_scalar_result
703	95	F32_MUL_CONST	binary32_roundTiesToEven_after_each_scalar_result
704	95	F32_ADD_CONST	binary32_roundTiesToEven_after_each_scalar_result
705	95	F32_RSQRT	binary32_roundTiesToEven_after_each_scalar_result
706	95	F32_MUL	binary32_roundTiesToEven_after_each_scalar_result
707	95	F32_MUL	binary32_roundTiesToEven_after_each_scalar_result
708	96	F32_MATMUL	binary32_roundTiesToEven_after_each_scalar_result
709	96	F32_MATMUL	binary32_roundTiesToEven_after_each_scalar_result
710	96	F32_MUL_CONST	binary32_roundTiesToEven_after_each_scalar_result
711	96	F32_CUBE	binary32_roundTiesToEven_after_each_scalar_result
712	96	F32_MUL_CONST	binary32_roundTiesToEven_after_each_scalar_result
713	96	F32_ADD	binary32_roundTiesToEven_after_each_scalar_result
714	96	F32_MUL_CONST	binary32_roundTiesToEven_after_each_scalar_result
715	96	F32_TANH	binary32_roundTiesToEven_after_each_scalar_result
716	96	F32_ADD_CONST	binary32_roundTiesToEven_after_each_scalar_result
717	96	F32_MUL	binary32_roundTiesToEven_after_each_scalar_result
718	96	F32_MUL	binary32_roundTiesToEven_after_each_scalar_result
719	96	F32_MATMUL	binary32_roundTiesToEven_after_each_scalar_result
720	97	F32_ADD	binary32_roundTiesToEven_after_each_scalar_result
721	98	F32_SQUARE	binary32_roundTiesToEven_after_each_scalar_result
722	98	F32_REDUCE_SUM	binary32_roundTiesToEven_after_each_scalar_result
723	98	F32_MUL_CONST	binary32_roundTiesToEven_after_each_scalar_result
724	98	F32_ADD_CONST	binary32_roundTiesToEven_after_each_scalar_result
725	98	F32_RSQRT	binary32_roundTiesToEven_after_each_scalar_result
726	98	F32_MUL	binary32_roundTiesToEven_after_each_scalar_result
727	98	F32_MUL	binary32_roundTiesToEven_after_each_scalar_result
728	99	F32_MATMUL	binary32_roundTiesToEven_after_each_scalar_result
729	99	F32_MATMUL	binary32_roundTiesToEven_after_each_scalar_result
730	99	F32_MATMUL	binary32_roundTiesToEven_after_each_scalar_result
731	99	RESHAPE	exact_or_explicitly_pinned
732	99	TRANSPOSE	exact_or_explicitly_pinned
733	99	F32_MATMUL	binary32_roundTiesToEven_after_each_scalar_result
734	99	RELATIVE_BIAS	exact_or_explicitly_pinned
735	99	CAUSAL_MASK	exact_or_explicitly_pinned
736	99	F32_ADD	binary32_roundTiesToEven_after_each_scalar_result
737	99	F32_REDUCE_MAX	binary32_roundTiesToEven_after_each_scalar_result
738	99	F32_SUB	binary32_roundTiesToEven_after_each_scalar_result
739	99	F32_EXP	binary32_roundTiesToEven_after_each_scalar_result
740	99	F32_REDUCE_SUM	binary32_roundTiesToEven_after_each_scalar_result
741	99	F32_DIV	binary32_roundTiesToEven_after_each_scalar_result
742	99	F32_MATMUL	binary32_roundTiesToEven_after_each_scalar_result
743	99	RESHAPE	exact_or_explicitly_pinned
744	99	F32_MATMUL	binary32_roundTiesToEven_after_each_scalar_result
745	100	F32_ADD	binary32_roundTiesToEven_after_each_scalar_result
746	101	F32_SQUARE	binary32_roundTiesToEven_after_each_scalar_result
747	101	F32_REDUCE_SUM	binary32_roundTiesToEven_after_each_scalar_result
748	101	F32_MUL_CONST	binary32_roundTiesToEven_after_each_scalar_result
749	101	F32_ADD_CONST	binary32_roundTiesToEven_after_each_scalar_result
750	101	F32_RSQRT	binary32_roundTiesToEven_after_each_scalar_result
751	101	F32_MUL	binary32_roundTiesToEven_after_each_scalar_result
752	101	F32_MUL	binary32_roundTiesToEven_after_each_scalar_result
753	102	F32_MATMUL	binary32_roundTiesToEven_after_each_scalar_result
754	102	F32_MATMUL	binary32_roundTiesToEven_after_each_scalar_result
755	102	F32_MATMUL	binary32_roundTiesToEven_after_each_scalar_result
756	102	RESHAPE	exact_or_explicitly_pinned
757	102	TRANSPOSE	exact_or_explicitly_pinned
758	102	F32_MATMUL	binary32_roundTiesToEven_after_each_scalar_result
759	102	RELATIVE_BIAS	exact_or_explicitly_pinned
760	102	CAUSAL_MASK	exact_or_explicitly_pinned
761	102	F32_ADD	binary32_roundTiesToEven_after_each_scalar_result
762	102	F32_REDUCE_MAX	binary32_roundTiesToEven_after_each_scalar_result
763	102	F32_SUB	binary32_roundTiesToEven_after_each_scalar_result
764	102	F32_EXP	binary32_roundTiesToEven_after_each_scalar_result
765	102	F32_REDUCE_SUM	binary32_roundTiesToEven_after_each_scalar_result
766	102	F32_DIV	binary32_roundTiesToEven_after_each_scalar_result
767	102	F32_MATMUL	binary32_roundTiesToEven_after_each_scalar_result
768	102	RESHAPE	exact_or_explicitly_pinned
769	102	F32_MATMUL	binary32_roundTiesToEven_after_each_scalar_result
770	103	F32_ADD	binary32_roundTiesToEven_after_each_scalar_result
771	104	F32_SQUARE	binary32_roundTiesToEven_after_each_scalar_result
772	104	F32_REDUCE_SUM	binary32_roundTiesToEven_after_each_scalar_result
773	104	F32_MUL_CONST	binary32_roundTiesToEven_after_each_scalar_result
774	104	F32_ADD_CONST	binary32_roundTiesToEven_after_each_scalar_result
775	104	F32_RSQRT	binary32_roundTiesToEven_after_each_scalar_result
776	104	F32_MUL	binary32_roundTiesToEven_after_each_scalar_result
777	104	F32_MUL	binary32_roundTiesToEven_after_each_scalar_result
778	105	F32_MATMUL	binary32_roundTiesToEven_after_each_scalar_result
779	105	F32_MATMUL	binary32_roundTiesToEven_after_each_scalar_result
780	105	F32_MUL_CONST	binary32_roundTiesToEven_after_each_scalar_result
781	105	F32_CUBE	binary32_roundTiesToEven_after_each_scalar_result
782	105	F32_MUL_CONST	binary32_roundTiesToEven_after_each_scalar_result
783	105	F32_ADD	binary32_roundTiesToEven_after_each_scalar_result
784	105	F32_MUL_CONST	binary32_roundTiesToEven_after_each_scalar_result
785	105	F32_TANH	binary32_roundTiesToEven_after_each_scalar_result
786	105	F32_ADD_CONST	binary32_roundTiesToEven_after_each_scalar_result
787	105	F32_MUL	binary32_roundTiesToEven_after_each_scalar_result
788	105	F32_MUL	binary32_roundTiesToEven_after_each_scalar_result
789	105	F32_MATMUL	binary32_roundTiesToEven_after_each_scalar_result
790	106	F32_ADD	binary32_roundTiesToEven_after_each_scalar_result
791	107	F32_SQUARE	binary32_roundTiesToEven_after_each_scalar_result
792	107	F32_REDUCE_SUM	binary32_roundTiesToEven_after_each_scalar_result
793	107	F32_MUL_CONST	binary32_roundTiesToEven_after_each_scalar_result
794	107	F32_ADD_CONST	binary32_roundTiesToEven_after_each_scalar_result
795	107	F32_RSQRT	binary32_roundTiesToEven_after_each_scalar_result
796	107	F32_MUL	binary32_roundTiesToEven_after_each_scalar_result
797	107	F32_MUL	binary32_roundTiesToEven_after_each_scalar_result
798	108	F32_MATMUL	binary32_roundTiesToEven_after_each_scalar_result
799	108	F32_MATMUL	binary32_roundTiesToEven_after_each_scalar_result
800	108	F32_MATMUL	binary32_roundTiesToEven_after_each_scalar_result
801	108	RESHAPE	exact_or_explicitly_pinned
802	108	TRANSPOSE	exact_or_explicitly_pinned
803	108	F32_MATMUL	binary32_roundTiesToEven_after_each_scalar_result
804	108	RELATIVE_BIAS	exact_or_explicitly_pinned
805	108	CAUSAL_MASK	exact_or_explicitly_pinned
806	108	F32_ADD	binary32_roundTiesToEven_after_each_scalar_result
807	108	F32_REDUCE_MAX	binary32_roundTiesToEven_after_each_scalar_result
808	108	F32_SUB	binary32_roundTiesToEven_after_each_scalar_result
809	108	F32_EXP	binary32_roundTiesToEven_after_each_scalar_result
810	108	F32_REDUCE_SUM	binary32_roundTiesToEven_after_each_scalar_result
811	108	F32_DIV	binary32_roundTiesToEven_after_each_scalar_result
812	108	F32_MATMUL	binary32_roundTiesToEven_after_each_scalar_result
813	108	RESHAPE	exact_or_explicitly_pinned
814	108	F32_MATMUL	binary32_roundTiesToEven_after_each_scalar_result
815	109	F32_ADD	binary32_roundTiesToEven_after_each_scalar_result
816	110	F32_SQUARE	binary32_roundTiesToEven_after_each_scalar_result
817	110	F32_REDUCE_SUM	binary32_roundTiesToEven_after_each_scalar_result
818	110	F32_MUL_CONST	binary32_roundTiesToEven_after_each_scalar_result
819	110	F32_ADD_CONST	binary32_roundTiesToEven_after_each_scalar_result
820	110	F32_RSQRT	binary32_roundTiesToEven_after_each_scalar_result
821	110	F32_MUL	binary32_roundTiesToEven_after_each_scalar_result
822	110	F32_MUL	binary32_roundTiesToEven_after_each_scalar_result
823	111	F32_MATMUL	binary32_roundTiesToEven_after_each_scalar_result
824	111	F32_MATMUL	binary32_roundTiesToEven_after_each_scalar_result
825	111	F32_MATMUL	binary32_roundTiesToEven_after_each_scalar_result
826	111	RESHAPE	exact_or_explicitly_pinned
827	111	TRANSPOSE	exact_or_explicitly_pinned
828	111	F32_MATMUL	binary32_roundTiesToEven_after_each_scalar_result
829	111	RELATIVE_BIAS	exact_or_explicitly_pinned
830	111	CAUSAL_MASK	exact_or_explicitly_pinned
831	111	F32_ADD	binary32_roundTiesToEven_after_each_scalar_result
832	111	F32_REDUCE_MAX	binary32_roundTiesToEven_after_each_scalar_result
833	111	F32_SUB	binary32_roundTiesToEven_after_each_scalar_result
834	111	F32_EXP	binary32_roundTiesToEven_after_each_scalar_result
835	111	F32_REDUCE_SUM	binary32_roundTiesToEven_after_each_scalar_result
836	111	F32_DIV	binary32_roundTiesToEven_after_each_scalar_result
837	111	F32_MATMUL	binary32_roundTiesToEven_after_each_scalar_result
838	111	RESHAPE	exact_or_explicitly_pinned
839	111	F32_MATMUL	binary32_roundTiesToEven_after_each_scalar_result
840	112	F32_ADD	binary32_roundTiesToEven_after_each_scalar_result
841	113	F32_SQUARE	binary32_roundTiesToEven_after_each_scalar_result
842	113	F32_REDUCE_SUM	binary32_roundTiesToEven_after_each_scalar_result
843	113	F32_MUL_CONST	binary32_roundTiesToEven_after_each_scalar_result
844	113	F32_ADD_CONST	binary32_roundTiesToEven_after_each_scalar_result
845	113	F32_RSQRT	binary32_roundTiesToEven_after_each_scalar_result
846	113	F32_MUL	binary32_roundTiesToEven_after_each_scalar_result
847	113	F32_MUL	binary32_roundTiesToEven_after_each_scalar_result
848	114	F32_MATMUL	binary32_roundTiesToEven_after_each_scalar_result
849	114	F32_MATMUL	binary32_roundTiesToEven_after_each_scalar_result
850	114	F32_MUL_CONST	binary32_roundTiesToEven_after_each_scalar_result
851	114	F32_CUBE	binary32_roundTiesToEven_after_each_scalar_result
852	114	F32_MUL_CONST	binary32_roundTiesToEven_after_each_scalar_result
853	114	F32_ADD	binary32_roundTiesToEven_after_each_scalar_result
854	114	F32_MUL_CONST	binary32_roundTiesToEven_after_each_scalar_result
855	114	F32_TANH	binary32_roundTiesToEven_after_each_scalar_result
856	114	F32_ADD_CONST	binary32_roundTiesToEven_after_each_scalar_result
857	114	F32_MUL	binary32_roundTiesToEven_after_each_scalar_result
858	114	F32_MUL	binary32_roundTiesToEven_after_each_scalar_result
859	114	F32_MATMUL	binary32_roundTiesToEven_after_each_scalar_result
860	115	F32_ADD	binary32_roundTiesToEven_after_each_scalar_result
861	116	F32_SQUARE	binary32_roundTiesToEven_after_each_scalar_result
862	116	F32_REDUCE_SUM	binary32_roundTiesToEven_after_each_scalar_result
863	116	F32_MUL_CONST	binary32_roundTiesToEven_after_each_scalar_result
864	116	F32_ADD_CONST	binary32_roundTiesToEven_after_each_scalar_result
865	116	F32_RSQRT	binary32_roundTiesToEven_after_each_scalar_result
866	116	F32_MUL	binary32_roundTiesToEven_after_each_scalar_result
867	116	F32_MUL	binary32_roundTiesToEven_after_each_scalar_result
868	117	F32_MATMUL	binary32_roundTiesToEven_after_each_scalar_result
869	117	F32_MATMUL	binary32_roundTiesToEven_after_each_scalar_result
870	117	F32_MATMUL	binary32_roundTiesToEven_after_each_scalar_result
871	117	RESHAPE	exact_or_explicitly_pinned
872	117	TRANSPOSE	exact_or_explicitly_pinned
873	117	F32_MATMUL	binary32_roundTiesToEven_after_each_scalar_result
874	117	RELATIVE_BIAS	exact_or_explicitly_pinned
875	117	CAUSAL_MASK	exact_or_explicitly_pinned
876	117	F32_ADD	binary32_roundTiesToEven_after_each_scalar_result
877	117	F32_REDUCE_MAX	binary32_roundTiesToEven_after_each_scalar_result
878	117	F32_SUB	binary32_roundTiesToEven_after_each_scalar_result
879	117	F32_EXP	binary32_roundTiesToEven_after_each_scalar_result
880	117	F32_REDUCE_SUM	binary32_roundTiesToEven_after_each_scalar_result
881	117	F32_DIV	binary32_roundTiesToEven_after_each_scalar_result
882	117	F32_MATMUL	binary32_roundTiesToEven_after_each_scalar_result
883	117	RESHAPE	exact_or_explicitly_pinned
884	117	F32_MATMUL	binary32_roundTiesToEven_after_each_scalar_result
885	118	F32_ADD	binary32_roundTiesToEven_after_each_scalar_result
886	119	F32_SQUARE	binary32_roundTiesToEven_after_each_scalar_result
887	119	F32_REDUCE_SUM	binary32_roundTiesToEven_after_each_scalar_result
888	119	F32_MUL_CONST	binary32_roundTiesToEven_after_each_scalar_result
889	119	F32_ADD_CONST	binary32_roundTiesToEven_after_each_scalar_result
890	119	F32_RSQRT	binary32_roundTiesToEven_after_each_scalar_result
891	119	F32_MUL	binary32_roundTiesToEven_after_each_scalar_result
892	119	F32_MUL	binary32_roundTiesToEven_after_each_scalar_result
893	120	F32_MATMUL	binary32_roundTiesToEven_after_each_scalar_result
894	120	F32_MATMUL	binary32_roundTiesToEven_after_each_scalar_result
895	120	F32_MATMUL	binary32_roundTiesToEven_after_each_scalar_result
896	120	RESHAPE	exact_or_explicitly_pinned
897	120	TRANSPOSE	exact_or_explicitly_pinned
898	120	F32_MATMUL	binary32_roundTiesToEven_after_each_scalar_result
899	120	RELATIVE_BIAS	exact_or_explicitly_pinned
900	120	CAUSAL_MASK	exact_or_explicitly_pinned
901	120	F32_ADD	binary32_roundTiesToEven_after_each_scalar_result
902	120	F32_REDUCE_MAX	binary32_roundTiesToEven_after_each_scalar_result
903	120	F32_SUB	binary32_roundTiesToEven_after_each_scalar_result
904	120	F32_EXP	binary32_roundTiesToEven_after_each_scalar_result
905	120	F32_REDUCE_SUM	binary32_roundTiesToEven_after_each_scalar_result
906	120	F32_DIV	binary32_roundTiesToEven_after_each_scalar_result
907	120	F32_MATMUL	binary32_roundTiesToEven_after_each_scalar_result
908	120	RESHAPE	exact_or_explicitly_pinned
909	120	F32_MATMUL	binary32_roundTiesToEven_after_each_scalar_result
910	121	F32_ADD	binary32_roundTiesToEven_after_each_scalar_result
911	122	F32_SQUARE	binary32_roundTiesToEven_after_each_scalar_result
912	122	F32_REDUCE_SUM	binary32_roundTiesToEven_after_each_scalar_result
913	122	F32_MUL_CONST	binary32_roundTiesToEven_after_each_scalar_result
914	122	F32_ADD_CONST	binary32_roundTiesToEven_after_each_scalar_result
915	122	F32_RSQRT	binary32_roundTiesToEven_after_each_scalar_result
916	122	F32_MUL	binary32_roundTiesToEven_after_each_scalar_result
917	122	F32_MUL	binary32_roundTiesToEven_after_each_scalar_result
918	123	F32_MATMUL	binary32_roundTiesToEven_after_each_scalar_result
919	123	F32_MATMUL	binary32_roundTiesToEven_after_each_scalar_result
920	123	F32_MUL_CONST	binary32_roundTiesToEven_after_each_scalar_result
921	123	F32_CUBE	binary32_roundTiesToEven_after_each_scalar_result
922	123	F32_MUL_CONST	binary32_roundTiesToEven_after_each_scalar_result
923	123	F32_ADD	binary32_roundTiesToEven_after_each_scalar_result
924	123	F32_MUL_CONST	binary32_roundTiesToEven_after_each_scalar_result
925	123	F32_TANH	binary32_roundTiesToEven_after_each_scalar_result
926	123	F32_ADD_CONST	binary32_roundTiesToEven_after_each_scalar_result
927	123	F32_MUL	binary32_roundTiesToEven_after_each_scalar_result
928	123	F32_MUL	binary32_roundTiesToEven_after_each_scalar_result
929	123	F32_MATMUL	binary32_roundTiesToEven_after_each_scalar_result
930	124	F32_ADD	binary32_roundTiesToEven_after_each_scalar_result
931	125	F32_SQUARE	binary32_roundTiesToEven_after_each_scalar_result
932	125	F32_REDUCE_SUM	binary32_roundTiesToEven_after_each_scalar_result
933	125	F32_MUL_CONST	binary32_roundTiesToEven_after_each_scalar_result
934	125	F32_ADD_CONST	binary32_roundTiesToEven_after_each_scalar_result
935	125	F32_RSQRT	binary32_roundTiesToEven_after_each_scalar_result
936	125	F32_MUL	binary32_roundTiesToEven_after_each_scalar_result
937	125	F32_MUL	binary32_roundTiesToEven_after_each_scalar_result
938	126	F32_MATMUL	binary32_roundTiesToEven_after_each_scalar_result
939	127	F32_REDUCE_MAX	binary32_roundTiesToEven_after_each_scalar_result
940	127	F32_SUB	binary32_roundTiesToEven_after_each_scalar_result
941	127	F32_EXP	binary32_roundTiesToEven_after_each_scalar_result
942	127	F32_REDUCE_SUM	binary32_roundTiesToEven_after_each_scalar_result
943	127	F32_DIV	binary32_roundTiesToEven_after_each_scalar_result
944	128	CATEGORICAL_INVERSE_CDF	exact_or_explicitly_pinned
945	128	TOKEN_APPEND	exact_or_explicitly_pinned
946	128	CACHE_APPEND	exact_or_explicitly_pinned
