#format	TOY-PROBABILISTIC-QUOTIENT-1
#source_states	7
#quotient_states	5
#tokens	8
#denominator	16
#initial_state	0
#initial_block	0
state	block	name	emission_counts	successor_blocks
0	0	START	8,8,0,0,0,0,0,0	1,2,4,4,4,4,4,4
1	1	SINGULAR	0,0,14,0,1,1,0,0	4,4,3,4,4,4,4,4
2	2	PLURAL	0,0,0,14,1,1,0,0	4,4,4,3,4,4,4,4
3	3	PREDICATE_A	0,0,0,0,10,5,1,0	4,4,4,4,4,4,4,4
4	3	PREDICATE_B	0,0,0,0,10,5,1,0	4,4,4,4,4,4,4,4
5	4	TERMINAL_A	0,0,0,0,0,0,16,0	4,4,4,4,4,4,4,4
6	4	TERMINAL_B	0,0,0,0,0,0,16,0	4,4,4,4,4,4,4,4
