name	dtype	begin	end	shape	elements	crc32
model.decoder.embed_positions.weight	F32	19112	707240	448x384	172032	2e8bd85f
model.decoder.embed_tokens.weight	F32	707240	80370344	51864x384	19915776	93341dbc
model.decoder.layer_norm.bias	F32	80370344	80371880	384	384	bf200d9d
model.decoder.layer_norm.weight	F32	80371880	80373416	384	384	c60cb79d
model.decoder.layers.0.encoder_attn.k_proj.weight	F32	80373416	80963240	384x384	147456	b92efe5b
model.decoder.layers.0.encoder_attn.out_proj.bias	F32	80963240	80964776	384	384	8230a68a
model.decoder.layers.0.encoder_attn.out_proj.weight	F32	80964776	81554600	384x384	147456	f19154c2
model.decoder.layers.0.encoder_attn.q_proj.bias	F32	81554600	81556136	384	384	5bb0189e
model.decoder.layers.0.encoder_attn.q_proj.weight	F32	81556136	82145960	384x384	147456	89c3dde5
model.decoder.layers.0.encoder_attn.v_proj.bias	F32	82145960	82147496	384	384	81fd68a1
model.decoder.layers.0.encoder_attn.v_proj.weight	F32	82147496	82737320	384x384	147456	d72ec304
model.decoder.layers.0.encoder_attn_layer_norm.bias	F32	82737320	82738856	384	384	77f3ceed
model.decoder.layers.0.encoder_attn_layer_norm.weight	F32	82738856	82740392	384	384	b06c4c9d
model.decoder.layers.0.fc1.bias	F32	82740392	82746536	1536	1536	48d394b8
model.decoder.layers.0.fc1.weight	F32	82746536	85105832	1536x384	589824	8ba39067
model.decoder.layers.0.fc2.bias	F32	85105832	85107368	384	384	77135f53
model.decoder.layers.0.fc2.weight	F32	85107368	87466664	384x1536	589824	f66768a5
model.decoder.layers.0.final_layer_norm.bias	F32	87466664	87468200	384	384	11cdbb4a
model.decoder.layers.0.final_layer_norm.weight	F32	87468200	87469736	384	384	72f610d4
model.decoder.layers.0.self_attn.k_proj.weight	F32	87469736	88059560	384x384	147456	1fb37080
model.decoder.layers.0.self_attn.out_proj.bias	F32	88059560	88061096	384	384	fca50bd6
model.decoder.layers.0.self_attn.out_proj.weight	F32	88061096	88650920	384x384	147456	1255075d
model.decoder.layers.0.self_attn.q_proj.bias	F32	88650920	88652456	384	384	befb5d1e
model.decoder.layers.0.self_attn.q_proj.weight	F32	88652456	89242280	384x384	147456	343222c7
model.decoder.layers.0.self_attn.v_proj.bias	F32	89242280	89243816	384	384	8e3ab95d
model.decoder.layers.0.self_attn.v_proj.weight	F32	89243816	89833640	384x384	147456	9239b239
model.decoder.layers.0.self_attn_layer_norm.bias	F32	89833640	89835176	384	384	04fd270e
model.decoder.layers.0.self_attn_layer_norm.weight	F32	89835176	89836712	384	384	c5704edb
model.decoder.layers.1.encoder_attn.k_proj.weight	F32	89836712	90426536	384x384	147456	6b8ce713
model.decoder.layers.1.encoder_attn.out_proj.bias	F32	90426536	90428072	384	384	a28d5028
model.decoder.layers.1.encoder_attn.out_proj.weight	F32	90428072	91017896	384x384	147456	43dab901
model.decoder.layers.1.encoder_attn.q_proj.bias	F32	91017896	91019432	384	384	dbc59e3a
model.decoder.layers.1.encoder_attn.q_proj.weight	F32	91019432	91609256	384x384	147456	26746a45
model.decoder.layers.1.encoder_attn.v_proj.bias	F32	91609256	91610792	384	384	572a1907
model.decoder.layers.1.encoder_attn.v_proj.weight	F32	91610792	92200616	384x384	147456	3f202449
model.decoder.layers.1.encoder_attn_layer_norm.bias	F32	92200616	92202152	384	384	1c4c33ee
model.decoder.layers.1.encoder_attn_layer_norm.weight	F32	92202152	92203688	384	384	ef079421
model.decoder.layers.1.fc1.bias	F32	92203688	92209832	1536	1536	f439d3e6
model.decoder.layers.1.fc1.weight	F32	92209832	94569128	1536x384	589824	217c019a
model.decoder.layers.1.fc2.bias	F32	94569128	94570664	384	384	58e34a39
model.decoder.layers.1.fc2.weight	F32	94570664	96929960	384x1536	589824	1f4fe9c3
model.decoder.layers.1.final_layer_norm.bias	F32	96929960	96931496	384	384	406bb950
model.decoder.layers.1.final_layer_norm.weight	F32	96931496	96933032	384	384	ed2a1752
model.decoder.layers.1.self_attn.k_proj.weight	F32	96933032	97522856	384x384	147456	2791680f
model.decoder.layers.1.self_attn.out_proj.bias	F32	97522856	97524392	384	384	f324157e
model.decoder.layers.1.self_attn.out_proj.weight	F32	97524392	98114216	384x384	147456	2c2203de
model.decoder.layers.1.self_attn.q_proj.bias	F32	98114216	98115752	384	384	bbba7aaa
model.decoder.layers.1.self_attn.q_proj.weight	F32	98115752	98705576	384x384	147456	f290da1d
model.decoder.layers.1.self_attn.v_proj.bias	F32	98705576	98707112	384	384	55737693
model.decoder.layers.1.self_attn.v_proj.weight	F32	98707112	99296936	384x384	147456	4a024787
model.decoder.layers.1.self_attn_layer_norm.bias	F32	99296936	99298472	384	384	c5c0646b
model.decoder.layers.1.self_attn_layer_norm.weight	F32	99298472	99300008	384	384	b03b0585
model.decoder.layers.2.encoder_attn.k_proj.weight	F32	99300008	99889832	384x384	147456	566a6da9
model.decoder.layers.2.encoder_attn.out_proj.bias	F32	99889832	99891368	384	384	675a39d2
model.decoder.layers.2.encoder_attn.out_proj.weight	F32	99891368	100481192	384x384	147456	dc811c5e
model.decoder.layers.2.encoder_attn.q_proj.bias	F32	100481192	100482728	384	384	2c402bda
model.decoder.layers.2.encoder_attn.q_proj.weight	F32	100482728	101072552	384x384	147456	909fccf6
model.decoder.layers.2.encoder_attn.v_proj.bias	F32	101072552	101074088	384	384	4e547dd6
model.decoder.layers.2.encoder_attn.v_proj.weight	F32	101074088	101663912	384x384	147456	3d9bf898
model.decoder.layers.2.encoder_attn_layer_norm.bias	F32	101663912	101665448	384	384	746671e9
model.decoder.layers.2.encoder_attn_layer_norm.weight	F32	101665448	101666984	384	384	f0a35143
model.decoder.layers.2.fc1.bias	F32	101666984	101673128	1536	1536	08ce07c9
model.decoder.layers.2.fc1.weight	F32	101673128	104032424	1536x384	589824	5c85a504
model.decoder.layers.2.fc2.bias	F32	104032424	104033960	384	384	33b4e93e
model.decoder.layers.2.fc2.weight	F32	104033960	106393256	384x1536	589824	3ef3d6b6
model.decoder.layers.2.final_layer_norm.bias	F32	106393256	106394792	384	384	e5fa788c
model.decoder.layers.2.final_layer_norm.weight	F32	106394792	106396328	384	384	43187122
model.decoder.layers.2.self_attn.k_proj.weight	F32	106396328	106986152	384x384	147456	e7a46b3b
model.decoder.layers.2.self_attn.out_proj.bias	F32	106986152	106987688	384	384	b61b47c6
model.decoder.layers.2.self_attn.out_proj.weight	F32	106987688	107577512	384x384	147456	1abf78d1
model.decoder.layers.2.self_attn.q_proj.bias	F32	107577512	107579048	384	384	b02e655d
model.decoder.layers.2.self_attn.q_proj.weight	F32	107579048	108168872	384x384	147456	f20fd625
model.decoder.layers.2.self_attn.v_proj.bias	F32	108168872	108170408	384	384	fe1f6bbb
model.decoder.layers.2.self_attn.v_proj.weight	F32	108170408	108760232	384x384	147456	16339cdf
model.decoder.layers.2.self_attn_layer_norm.bias	F32	108760232	108761768	384	384	89e12f33
model.decoder.layers.2.self_attn_layer_norm.weight	F32	108761768	108763304	384	384	4a5b4a04
model.decoder.layers.3.encoder_attn.k_proj.weight	F32	108763304	109353128	384x384	147456	f998e117
model.decoder.layers.3.encoder_attn.out_proj.bias	F32	109353128	109354664	384	384	884c9407
model.decoder.layers.3.encoder_attn.out_proj.weight	F32	109354664	109944488	384x384	147456	a2473605
model.decoder.layers.3.encoder_attn.q_proj.bias	F32	109944488	109946024	384	384	f0715ff8
model.decoder.layers.3.encoder_attn.q_proj.weight	F32	109946024	110535848	384x384	147456	749bbed1
model.decoder.layers.3.encoder_attn.v_proj.bias	F32	110535848	110537384	384	384	7340aed4
model.decoder.layers.3.encoder_attn.v_proj.weight	F32	110537384	111127208	384x384	147456	2c2af07d
model.decoder.layers.3.encoder_attn_layer_norm.bias	F32	111127208	111128744	384	384	581baa3b
model.decoder.layers.3.encoder_attn_layer_norm.weight	F32	111128744	111130280	384	384	a4444f05
model.decoder.layers.3.fc1.bias	F32	111130280	111136424	1536	1536	eacde107
model.decoder.layers.3.fc1.weight	F32	111136424	113495720	1536x384	589824	f4e4aea1
model.decoder.layers.3.fc2.bias	F32	113495720	113497256	384	384	420d7f1b
model.decoder.layers.3.fc2.weight	F32	113497256	115856552	384x1536	589824	9cff997f
model.decoder.layers.3.final_layer_norm.bias	F32	115856552	115858088	384	384	6ae580e3
model.decoder.layers.3.final_layer_norm.weight	F32	115858088	115859624	384	384	f180ecde
model.decoder.layers.3.self_attn.k_proj.weight	F32	115859624	116449448	384x384	147456	89a5ff61
model.decoder.layers.3.self_attn.out_proj.bias	F32	116449448	116450984	384	384	86d47ac2
model.decoder.layers.3.self_attn.out_proj.weight	F32	116450984	117040808	384x384	147456	c5f2be08
model.decoder.layers.3.self_attn.q_proj.bias	F32	117040808	117042344	384	384	93d2fa20
model.decoder.layers.3.self_attn.q_proj.weight	F32	117042344	117632168	384x384	147456	6d5557d7
model.decoder.layers.3.self_attn.v_proj.bias	F32	117632168	117633704	384	384	2a8fd5df
model.decoder.layers.3.self_attn.v_proj.weight	F32	117633704	118223528	384x384	147456	7e30c374
model.decoder.layers.3.self_attn_layer_norm.bias	F32	118223528	118225064	384	384	b110488a
model.decoder.layers.3.self_attn_layer_norm.weight	F32	118225064	118226600	384	384	92753021
model.encoder.conv1.bias	F32	118226600	118228136	384	384	871b5698
model.encoder.conv1.weight	F32	118228136	118596776	384x80x3	92160	d4ee106b
model.encoder.conv2.bias	F32	118596776	118598312	384	384	7526d98c
model.encoder.conv2.weight	F32	118598312	120367784	384x384x3	442368	41e77240
model.encoder.embed_positions.weight	F32	120367784	122671784	1500x384	576000	26d197f5
model.encoder.layer_norm.bias	F32	122671784	122673320	384	384	89f90456
model.encoder.layer_norm.weight	F32	122673320	122674856	384	384	1ed3dd6b
model.encoder.layers.0.fc1.bias	F32	122674856	122681000	1536	1536	8088726f
model.encoder.layers.0.fc1.weight	F32	122681000	125040296	1536x384	589824	bc5b3bcc
model.encoder.layers.0.fc2.bias	F32	125040296	125041832	384	384	7c1a20a5
model.encoder.layers.0.fc2.weight	F32	125041832	127401128	384x1536	589824	c36f2cf8
model.encoder.layers.0.final_layer_norm.bias	F32	127401128	127402664	384	384	c233ec2a
model.encoder.layers.0.final_layer_norm.weight	F32	127402664	127404200	384	384	7b430895
model.encoder.layers.0.self_attn.k_proj.weight	F32	127404200	127994024	384x384	147456	5d71940a
model.encoder.layers.0.self_attn.out_proj.bias	F32	127994024	127995560	384	384	0cfa2bc4
model.encoder.layers.0.self_attn.out_proj.weight	F32	127995560	128585384	384x384	147456	d14477fe
model.encoder.layers.0.self_attn.q_proj.bias	F32	128585384	128586920	384	384	9be1cdc4
model.encoder.layers.0.self_attn.q_proj.weight	F32	128586920	129176744	384x384	147456	945874d7
model.encoder.layers.0.self_attn.v_proj.bias	F32	129176744	129178280	384	384	7e070074
model.encoder.layers.0.self_attn.v_proj.weight	F32	129178280	129768104	384x384	147456	746c47f3
model.encoder.layers.0.self_attn_layer_norm.bias	F32	129768104	129769640	384	384	d606a658
model.encoder.layers.0.self_attn_layer_norm.weight	F32	129769640	129771176	384	384	26263dc3
model.encoder.layers.1.fc1.bias	F32	129771176	129777320	1536	1536	43906f57
model.encoder.layers.1.fc1.weight	F32	129777320	132136616	1536x384	589824	115c4a01
model.encoder.layers.1.fc2.bias	F32	132136616	132138152	384	384	47c8edb2
model.encoder.layers.1.fc2.weight	F32	132138152	134497448	384x1536	589824	251daca7
model.encoder.layers.1.final_layer_norm.bias	F32	134497448	134498984	384	384	fd94089c
model.encoder.layers.1.final_layer_norm.weight	F32	134498984	134500520	384	384	909272fe
model.encoder.layers.1.self_attn.k_proj.weight	F32	134500520	135090344	384x384	147456	0d18a752
model.encoder.layers.1.self_attn.out_proj.bias	F32	135090344	135091880	384	384	f4201cff
model.encoder.layers.1.self_attn.out_proj.weight	F32	135091880	135681704	384x384	147456	409c4afc
model.encoder.layers.1.self_attn.q_proj.bias	F32	135681704	135683240	384	384	3db8a0c2
model.encoder.layers.1.self_attn.q_proj.weight	F32	135683240	136273064	384x384	147456	a0cf124e
model.encoder.layers.1.self_attn.v_proj.bias	F32	136273064	136274600	384	384	ee454b23
model.encoder.layers.1.self_attn.v_proj.weight	F32	136274600	136864424	384x384	147456	00a54a31
model.encoder.layers.1.self_attn_layer_norm.bias	F32	136864424	136865960	384	384	a5e08c69
model.encoder.layers.1.self_attn_layer_norm.weight	F32	136865960	136867496	384	384	e097f4c9
model.encoder.layers.2.fc1.bias	F32	136867496	136873640	1536	1536	1684d743
model.encoder.layers.2.fc1.weight	F32	136873640	139232936	1536x384	589824	bc4e97d5
model.encoder.layers.2.fc2.bias	F32	139232936	139234472	384	384	2fa0e533
model.encoder.layers.2.fc2.weight	F32	139234472	141593768	384x1536	589824	d861d37b
model.encoder.layers.2.final_layer_norm.bias	F32	141593768	141595304	384	384	ebe0be72
model.encoder.layers.2.final_layer_norm.weight	F32	141595304	141596840	384	384	74d3bd92
model.encoder.layers.2.self_attn.k_proj.weight	F32	141596840	142186664	384x384	147456	a3f53614
model.encoder.layers.2.self_attn.out_proj.bias	F32	142186664	142188200	384	384	fe71542a
model.encoder.layers.2.self_attn.out_proj.weight	F32	142188200	142778024	384x384	147456	ccb6ec3e
model.encoder.layers.2.self_attn.q_proj.bias	F32	142778024	142779560	384	384	50f472b1
model.encoder.layers.2.self_attn.q_proj.weight	F32	142779560	143369384	384x384	147456	0e298cd9
model.encoder.layers.2.self_attn.v_proj.bias	F32	143369384	143370920	384	384	4bb6bb3f
model.encoder.layers.2.self_attn.v_proj.weight	F32	143370920	143960744	384x384	147456	8e549873
model.encoder.layers.2.self_attn_layer_norm.bias	F32	143960744	143962280	384	384	9430e72c
model.encoder.layers.2.self_attn_layer_norm.weight	F32	143962280	143963816	384	384	08312a52
model.encoder.layers.3.fc1.bias	F32	143963816	143969960	1536	1536	d2edd880
model.encoder.layers.3.fc1.weight	F32	143969960	146329256	1536x384	589824	0a86bf60
model.encoder.layers.3.fc2.bias	F32	146329256	146330792	384	384	3df9a8da
model.encoder.layers.3.fc2.weight	F32	146330792	148690088	384x1536	589824	543452e9
model.encoder.layers.3.final_layer_norm.bias	F32	148690088	148691624	384	384	852c176b
model.encoder.layers.3.final_layer_norm.weight	F32	148691624	148693160	384	384	c431ff71
model.encoder.layers.3.self_attn.k_proj.weight	F32	148693160	149282984	384x384	147456	44ff38dc
model.encoder.layers.3.self_attn.out_proj.bias	F32	149282984	149284520	384	384	8336e947
model.encoder.layers.3.self_attn.out_proj.weight	F32	149284520	149874344	384x384	147456	5844989e
model.encoder.layers.3.self_attn.q_proj.bias	F32	149874344	149875880	384	384	fc4925b7
model.encoder.layers.3.self_attn.q_proj.weight	F32	149875880	150465704	384x384	147456	17895f32
model.encoder.layers.3.self_attn.v_proj.bias	F32	150465704	150467240	384	384	43270c79
model.encoder.layers.3.self_attn.v_proj.weight	F32	150467240	151057064	384x384	147456	68827137
model.encoder.layers.3.self_attn_layer_norm.bias	F32	151057064	151058600	384	384	13133f12
model.encoder.layers.3.self_attn_layer_norm.weight	F32	151058600	151060136	384	384	dc05112c
